"","10","20","30","40","50","60","70","80","90","100","NA","NA","NA","NA","NA","NA","NA","NA","NA","NA","NA","NA","NA","NA","NA","NA","NA","NA","NA","NA","NA","NA","NA","NA","NA","NA","NA","NA","NA","NA","NA","NA","NA","NA","NA","NA","NA","NA","NA","NA","NA","NA","NA","NA","NA","NA","NA","NA","NA","NA","NA","NA","NA","NA","NA","NA","NA","NA","NA","NA","NA","NA","NA","NA","NA","NA","NA","NA","NA","NA","NA","NA","NA","NA","NA","NA","NA","NA","NA","NA","NA","NA","NA","NA","NA","NA","NA","NA","NA","NA"
"random",30.8554677710136,31.4431145455663,31.4928639614497,31.7328610556921,32.7392155788671,32.771139492798,31.0572443989563,31.6676630290083,31.9812022395896,30.055020028077,30.2912833566736,30.6198346792914,32.1223945634025,32.4773821056206,31.3516474046245,30.8355922293226,31.3626775172002,32.1095064679099,31.8653623963068,32.8336666655373,31.6710307912736,32.8952697505121,30.8963777072346,32.1023171888688,30.5363520462172,31.6963925369566,31.5279102423492,30.7902260675636,32.2633688220981,31.3994190743403,32.1865335457685,32.174291991206,31.7536238641187,31.2310546595958,32.2624848380174,29.5039375702091,32.4762348315337,31.7801087797159,31.5277079982529,30.9164641280524,32.1724526275459,31.8655033525992,32.1550514477821,30.7022103930401,30.9171050340201,31.6780957652176,32.3323999854335,31.4055334498687,31.153827897156,31.4742874856463,32.2475272925558,31.8921367846101,31.0186099042074,32.0078689064428,33.1362963889572,31.2716927302196,30.6010873685088,31.798616938405,30.9619556069822,30.969651623024,31.2029519099134,31.0237565114743,32.0885530489868,31.4866351267122,31.3210679782621,31.0011283963042,30.9681214337681,31.9404178590465,32.0087929884013,32.6488834944413,32.0672887513143,31.6456862890014,31.7077179693487,31.0839131835824,31.7222798193168,30.4827088283419,30.7288104175002,31.4233321843978,32.1482380247658,32.6816927953326,31.6545561784208,32.0625037217326,31.3225432754033,31.4878022265262,32.5226350699864,31.9329621237678,31.990436495306,30.7292794505993,30.8801391410281,31.2785579883332,30.3045285389748,32.023373736944,30.5890497058536,30.7361476209621,31.3821267242854,31.1731280414047,31.837179323699,33.4182722755062,32.5668903518135,31.6811543395821
"Embeddings",28.1975478212149,29.0271789815297,28.7460891081915,29.0473378078718,29.4132248026424,28.9720482427708,30.006768189368,30.2285427445812,29.4622326668755,28.6989086941712,28.398513157762,27.7879471333943,28.6098373576486,30.4707517903761,29.2141730496696,28.1832946952794,29.2791322128561,29.8524109355758,29.2285467776521,30.5800758735837,29.0792281716675,31.0889443137473,28.5486213325214,29.8123130453063,27.7461967956786,29.430778873752,29.4187227864417,28.1641543087762,29.0258029836389,29.2897809042332,29.1037596576403,29.0389142486026,29.5884991995117,28.8141606489962,29.4191055749582,26.6627982058208,29.7647232194453,30.2596585307318,29.0649873815466,29.9545089902705,29.0999391340431,28.9398880648296,30.4526319946108,28.2357183476097,28.4233584559337,29.0901608739506,30.1190426897276,29.6868465041825,28.6072895339959,29.0169246269232,29.3318926763269,29.8313827856074,28.8493904370063,30.1526601636648,29.458285204623,29.61345405031,29.0947994793484,28.2058774492189,28.3884712045144,28.9825767402488,29.9298065369462,28.6161247426388,30.4516064204028,29.9158989408828,29.1491735009588,27.9118439304591,28.6576782794675,29.6578030454934,29.442978895421,28.047984083171,29.758188654571,28.6499302223295,29.3896784052491,29.2244776644088,29.2744687377002,28.2566350569812,28.53398325126,29.7237553515005,29.2617800832748,29.6396648488804,29.5318782721661,29.4738451571735,28.7991650408073,29.3401006471421,30.0679405320803,28.6422473205124,30.1503608448127,28.3512831914662,29.5174450188196,27.8215574789821,28.0695822606297,29.7197848253985,28.5340320883445,28.9145972065143,28.6879538660609,28.7651094421532,30.0549489584102,30.0921051298244,29.876784497799,29.0099435881463
"Interestingness",30.1344928241923,30.3959497848375,30.8489039464031,30.3529496324134,31.4001800739829,31.3694926821944,30.4679065101954,30.2109008695809,31.5280770270471,29.3848890715147,29.5861481781435,29.0228199279259,30.4312701964156,31.7361610371299,30.8082618048092,30.0749633402724,30.34211430613,30.8553271490113,31.2633368837739,31.9869370959928,30.5613624821973,31.3001672715971,30.4470951171405,31.5186578014266,30.058638525474,30.2745587234755,30.1359108765593,30.1555794071929,31.2252605971973,30.4695181710578,31.2287646428884,31.112529382376,30.6818550383595,30.7634130775251,31.1828451659065,29.0565004291398,31.1263904651612,31.0114316981883,29.6075497848249,30.3586440214972,30.9356094978552,30.6496551526993,31.2408066027491,30.0323098613065,29.8853643385864,30.7313845941827,31.1521855862423,30.3647405116181,30.1747521745225,30.9337342083757,31.0440759335273,30.1350535095534,30.2395968877124,30.5677961807555,31.4002429995841,31.0574399614772,29.9831642835207,31.1490700729208,29.9463540237358,30.7737365216909,30.2941320648623,30.0876285039391,31.806442762513,30.9474407757801,30.4200222393057,30.7583763078137,30.3723888928349,30.6401413569163,29.9913757269661,30.9258317032523,30.891976361043,30.8324309042064,30.834018414333,30.1250880010679,30.7939321528123,29.5120886341211,29.7258670137795,31.269083220071,30.572154345925,31.5304402747911,30.8405277364838,31.302353180535,30.1879075181473,30.0790704874235,31.2848557270716,30.7425774514038,30.8687451805161,30.2805343360757,30.4345250077092,30.0988532213539,29.7611283205517,30.9505478761026,30.1209767232239,29.8814101368168,30.7392442738802,30.123655307564,31.0990554701798,31.6921011747461,31.2552435518505,30.5324633628721
"Sentiment Score",22.2132403145215,21.952206470221,22.1565963927452,23.4752873129499,22.7445481049559,22.3360380113497,23.1347544950311,23.1362852025583,21.8604253931773,22.2545755688272,21.9056462559078,21.5887360268912,23.2023178736576,23.7949906410272,23.088666344211,22.2860395777697,21.1992786457913,22.760135465067,22.2503573742123,23.0664954486081,21.1464098515767,23.949331800566,22.5903100717495,24.1699323557457,21.3754014400737,22.6008577811261,22.9783574035266,21.3734208673133,21.9359091406494,22.9188307353349,22.7843856193899,22.603029727641,21.8730396079184,23.4230197526381,21.869014438556,22.054445350943,23.0235622807924,23.3565187032629,22.0834036546011,22.142896438171,23.0904993155303,22.1343764169964,22.9536347515417,22.9137481149034,22.2618637768857,22.4858351842158,22.1448529870801,22.9271952017434,21.9614416465002,22.3343999424397,22.4625954412977,22.4932256483805,22.5847580160267,23.1477973016279,22.3263427557244,22.3115451182131,22.5912913317331,21.9868523915319,22.3587131027461,22.9921860855609,23.1749058745756,22.6383767148623,24.1843003903509,22.903915276714,22.7937769232773,22.7581008271053,21.4512214068263,21.4951367757198,21.658430381534,22.0854886406385,22.9232335443651,20.9849394386488,23.3079134031073,21.8738633461975,21.5900554351872,22.7911912602294,22.2211395203515,23.5690867892524,23.0116342196851,22.902686218845,21.9304248428201,21.8405640718915,22.9161914087473,22.5931300774967,23.7979205111836,21.9315467596448,23.6753360512334,21.3047294669301,22.4009334973532,22.7390510258926,22.5343347448913,22.6253153828359,22.8446875099665,21.5144131419797,22.3274075108018,21.6277033910454,23.4014003543805,22.7627470759799,23.4512653650568,22.1292909144048
"Maximum",30.4299305096495,31.2996370652517,30.9055301000676,31.1676313258335,31.9547747548456,32.5076450932446,30.7095240238471,31.4350687853114,31.2620871339086,29.3787106137709,30.0155953097681,30.3602841643017,32.0040242446108,31.9862842468957,30.5978558958231,30.3575093312395,31.1553926340543,31.2867190890791,31.3208740670999,32.0508975804593,31.0609571230004,32.5878616473231,30.5770675199944,31.4369632933632,30.3208046239744,31.4805630631144,30.8982427033344,30.2540122389358,31.5937324684244,30.8783612183587,31.4839668481852,31.8353042150035,30.8672498613581,30.4917491496555,32.2692663002609,28.922833507385,31.8908613433176,31.7940485516712,31.1946297876571,30.3546554761605,31.5615675422262,31.563497669899,31.9774089714842,30.4254412542681,30.3036399445443,30.9783078961394,32.0748978055361,30.9944297704398,30.4865756740406,30.7119519471205,32.0291649527033,31.4056325485014,30.8499945147861,31.4824693538282,33.0640773895828,30.8146796475993,29.7989770213422,31.1260572217816,30.2827557063214,30.279422498803,30.8220392220046,30.4473386724385,31.250497791542,30.8119935936517,30.9480798793031,30.2778859058698,30.3888415230974,31.5123661562131,31.9725927717277,32.6801939670123,31.8799322197251,31.2953600341127,31.2871749226753,30.4782577321423,31.2900278367735,29.8822343595313,30.2467755351455,31.1215510058923,31.4777543430341,32.1113961428279,31.0535331611622,31.3332086684804,31.0329923756888,31.2321385478753,31.8905987720437,31.6351404291697,31.6765429923526,30.0397685774908,30.3703247331829,30.8391852430784,29.7990286961932,31.7555089120576,30.0549110214045,30.5200333394298,30.7289558140376,30.2671029936369,31.4840618982074,32.8396953416444,31.9087786950216,31.7520810845385
"Minimum",29.3655855018569,29.4720809748837,29.6023673792019,28.7986675273939,29.8002623148805,30.7167362413544,29.9739445573662,28.9286472847447,30.7824427196909,28.3829437102326,29.0452747880122,28.7398924773384,28.831527237277,30.7779396428688,30.1673705590527,28.933619054941,29.3769915946811,29.8640799179352,29.2479762329192,30.8896664208002,29.3316823934008,30.6910895150861,29.6468513139995,30.5304272518699,28.9696344789338,29.5014912875075,28.7943389718657,28.5497403039386,30.512012928448,29.2527789742919,30.2278560948674,29.2392465291304,28.837292608081,30.2358383852422,30.7737904067297,27.6544252433234,29.6768453509188,30.3792397116138,29.2781449993884,29.515839888564,29.7839413203149,29.6378098811023,30.718677195441,30.3338504249945,28.2551378106005,29.7687393578864,30.4254658509407,28.7622035266827,28.3583980725418,29.7844151134994,29.478754525727,29.6681209241623,30.015228449354,30.4256389934043,30.3290721098472,29.4306333590694,28.7361002750913,29.4080969681523,28.8628884047249,29.5959268872428,28.9054453481392,29.1563426650048,30.5834740526628,30.7831472760395,29.4742470184178,29.4784197327761,29.0852581908681,29.3273741436165,28.9920577428283,30.1093070270787,29.6041108125795,28.71783152456,30.3593010037764,29.2592851236161,29.8606254774233,28.1350865075405,28.7069540962019,30.8440854165607,29.3089078725774,30.9984319089172,29.9635777613388,30.3218290657467,28.6304445888039,29.6758026700032,30.0044682567959,29.7537989384272,29.8531190573028,29.0192523466874,29.6242794125834,29.0120326736351,28.4840871703758,29.8495500292258,29.5617506377067,29.4735226574829,29.2569644162784,29.4351240153755,29.9916598078434,30.1421172516727,30.1777687276236,29.5240750451639
"End Value",25.6921052282226,25.0805115005707,26.3083556229263,25.3459020824589,25.6965607294751,26.1644713641284,25.5685931232085,25.4508524256427,25.1741633228909,25.1450075684882,24.2234844446101,24.9544231236342,26.5551301315715,26.3394752767014,25.204084465042,26.2341164670264,24.7679013519611,25.0727682110203,26.4120816982803,25.7497811027048,25.7235016586515,26.9113404934422,24.7691975726445,25.2337479825812,25.2923401939046,26.9266040472404,25.3518115462547,25.0488890721681,25.4008819517561,24.8457953329636,26.55969205435,26.5732889207498,25.3462846257062,23.9647641862905,26.9842647783432,24.3983285035123,25.7895458069815,26.1549883656868,25.4678025599258,24.2023998858883,25.5667794615668,25.6255456716136,25.8023922329203,25.558170269465,25.6616507574952,25.7268711194134,26.1092086829637,26.2798495819122,24.4332515077189,24.7792912622684,25.7237467565756,26.5302425572747,24.5099180223051,25.820314193969,27.3544154399146,25.7350596178281,25.0000296846651,24.9753896305265,24.6486355749571,25.1783204872949,25.4726117021902,24.6376566187323,27.2671652055076,26.2064112908399,25.8036237031389,24.7837399656645,24.9880102654343,24.703750704319,26.1980576285127,25.4533638230703,26.862471967013,26.1484964032392,25.9744270229056,25.3830007434503,24.159550719177,24.2880324368668,24.8949650826939,25.9382404569315,25.3220990663488,26.4891487464585,24.7487351872363,25.0788819726682,25.1797565142825,26.870325233481,26.635895335625,25.3520397488904,26.5838220581811,23.9542884234849,25.9314021280275,25.1212198859977,24.4486377289967,24.9891835372381,25.9370687764681,25.5783968980222,25.4870279966184,23.8631446802217,25.9080117801323,25.6563104097372,26.702792653065,27.0607825687112
"Number of
Peaks",30.5614254690692,30.5226610032655,30.6522916741494,31.1840573714306,31.8299273444612,32.2764102484774,30.5563228866908,30.4794240959924,31.4851770675984,29.357149067178,29.6280959396978,30.0723623459147,31.2986451891076,31.5862961870224,31.1805495540009,30.2064843440733,30.2736981918967,31.1414033407661,31.4678416651963,32.0957909331261,30.8853734415066,32.4497213379047,30.1918965167692,31.6545592538537,29.8140514831493,30.9947074600877,30.718751918161,30.0253634124011,31.508066920993,30.6408315064847,31.1984523058408,31.6896436104308,31.2810180794156,30.4112457305631,31.5710221650744,29.0180279053268,31.7438913236491,31.5738749664848,30.6091068258987,29.8127300910554,31.1243027035154,31.3437739651654,31.5991600031546,30.0492608000201,30.2710223673333,31.1722179829101,31.433979902652,30.636362431968,30.2784262531046,31.0432430108491,31.5537745460887,30.7173560069126,30.304008512374,30.9492303430257,31.9703501426256,30.8562860698029,30.4690707047337,31.3175384641186,30.2214143953973,30.7426921028076,30.9266565006855,30.2111591583283,31.5152763324534,30.7254097332151,30.7812266528563,30.9543879705583,30.4419655247413,31.3075365401801,30.7136426374421,31.4651025642974,31.2833406798675,30.7026673917728,31.2030357956446,30.0553178365167,30.7227900169356,30.036890729355,30.4797825950356,31.6014664018364,31.443253137373,31.4928313108864,31.0347121022776,31.1534606805699,30.6084003611862,30.7360090179706,31.8389926529425,31.460687875788,31.0011082640924,30.4697496835088,30.161339979792,30.4775824827173,30.0474217752073,31.2164966116072,29.9849732051833,30.0203952171839,30.7937325695695,30.4987805190819,31.1830106721787,32.3203553882904,31.7354606926206,31.1714109469617
"Number of
Valleys",30.7975643247845,31.4372379191485,31.4767789124108,31.7589024461258,32.6867076903878,32.7564239270539,31.0341749925481,31.6283371144258,31.8910108631818,29.9645650616751,30.1889358271396,30.6552320313029,32.0955308376726,32.4540184169692,31.2454238509469,30.8288907675752,31.3459788963562,32.1114860966511,31.8453147806844,32.7059189093007,31.6762063957136,32.9269603386702,30.7785735197289,32.0718518424281,30.5346653926096,31.5815373163933,31.4432639530626,30.8747468144148,32.2071572433627,31.3866866533161,32.2472547477623,32.1738855314107,31.6717340952315,31.165255047427,32.2183745179167,29.427055837158,32.5391263790537,31.6636147393731,31.4864939116212,30.8566842648413,32.1481988132645,31.8527174321311,32.0978355552882,30.6641962969594,30.841065303578,31.6724609223997,32.3716137303006,31.370936867597,31.1800938657953,31.3246126378592,32.1824179867409,32.0445557967094,30.9801896230606,31.9712332780049,33.1953609255616,31.2598804007682,30.4438925075133,31.6923317028323,30.9172402721843,30.9245043716905,31.227047719554,31.0430370546677,32.0270461003521,31.4046996255696,31.3572547100866,30.8585682070431,30.8692773606185,32.0262611803733,32.0342107988918,32.6663780967463,32.0975230184867,31.7295715723016,31.7528816254618,31.1651768479985,31.6496002292138,30.3742305163126,30.6489662090372,31.3416561637701,32.0329183484133,32.7058199443129,31.5627295023114,32.0034724098251,31.3619092838662,31.5175943582317,32.5527724959631,31.8140119703097,31.9319811482198,30.6318912108442,30.8119435128791,31.3123416745843,30.1835861467026,32.0089454377413,30.5322840664345,30.7252099334361,31.2434308665333,31.0464318173331,31.8527494313405,33.5282319516056,32.669840714162,31.7133195162047
"Number of
Extrema",30.878267419873,31.1745271377755,31.2268078882509,31.551277787223,32.5400454894092,32.6550540490957,30.9163383728541,31.3639097243932,31.9698701600639,29.9225210878767,30.2414236943801,30.3995942364571,31.9241321699551,32.218408665916,31.509526231039,30.6637046527143,31.0615229780371,31.8272536035636,31.7513198925722,32.6681640640808,31.3888772767513,32.7501400010433,30.8411098943194,32.0607237573307,30.3668287337951,31.635434019771,31.3805708730283,30.4932930995963,32.0861297990807,31.2132966515788,31.8538767746077,32.0381593905769,31.7390651925354,31.0750662767869,32.1233007514093,29.3355770674494,32.1867111064794,31.9350513670703,31.2853807508259,30.6514693130476,31.9241782427234,31.7543530169544,32.0722603171601,30.4914329894517,30.8834935573885,31.4483569457242,32.0706976232929,31.2477378416144,30.7922618552231,31.5874025426223,32.1437581363403,31.3971684888282,30.839085758138,31.7326174501226,32.7471322586742,31.1509035852317,30.822363530012,31.8361281789543,30.7954237869913,30.9705379071294,31.2197470281653,30.8955938333421,32.0419836117059,31.3136511895976,31.1899816882966,31.2068685981761,30.9173412729854,31.6805465807236,31.5894473214793,32.2829314203609,31.8801610090425,31.3470960202951,31.5657364813329,30.6893342688442,31.5545907023143,30.4460962836628,30.7993117806846,31.7151010710106,31.9737243291164,32.3619899256448,31.5715401833695,31.8665106509211,31.0607026698904,31.2476544969597,32.2943705153378,31.909050751728,31.7775798490721,30.7861051296202,30.7347968565949,31.0081901173533,30.4221337296433,31.8242089462525,30.6017051667643,30.5610088287914,31.3380262681249,31.1556443255122,31.5609174687376,33.0114669399124,32.2795488527883,31.5584396501544
"Integral",29.2206265348729,30.3671822618214,30.0389918514216,29.3096739984526,30.2838233724442,31.5767096449508,30.1776738288722,30.8683840016154,31.2798312544802,28.7498935002813,28.958197372299,29.0627696023227,30.7934412748648,31.4029127764786,29.5823353295835,29.0948769451717,30.7374534347759,30.4505347247728,30.1847721386263,31.5585739376171,29.8196582300247,31.0326440206632,30.7819484522905,30.0467954669719,29.687188408005,30.3861432671764,29.720088886204,29.9955600668791,30.5956817775483,29.914209410488,30.2903000343477,30.8757995658278,29.7558518980584,30.0550393241653,31.8495168842894,28.0128987033426,30.2282835248469,31.018785264196,29.995487180136,29.7813028305978,30.6154608105114,30.4875177602459,31.2925053207295,30.4248273032668,28.9387574813731,30.3402923985278,31.7833594164759,29.4580993337791,29.0461245079099,29.457398864364,30.8506007477016,29.6898898009731,30.6751354512566,30.0599729647163,31.7371478490136,30.4277016747469,29.2986089418023,30.1768822506627,29.2526937396356,29.8089658723855,29.9271072371823,28.9917252770213,30.4070870257923,30.7643378794933,30.4557282249449,29.2873775778981,29.6900130422867,30.5923066542397,30.4472593378253,31.3168887087216,30.9728366841068,30.7479592598445,30.287288804628,29.6442640060042,30.2424145122424,28.3285440150939,29.4789392824596,31.0117714121408,29.7248694861787,31.4346918080766,30.315579305097,30.3447258405739,29.7802806898839,30.0034705009592,31.2946375491235,30.7978500360747,30.6652801717776,29.2383236365125,30.0562873707982,29.385369102692,28.7652394216673,30.6936563409043,29.4925360648738,30.1025031544801,29.3735024476272,29.5414551768015,31.0165245007955,31.7345519906321,30.3968811505991,30.7443984607027
"1st Derivative",27.6584478282052,27.7700855834123,28.4499083476455,28.4062263365861,29.3332614516396,28.1643811448106,27.1409908041439,28.4161811753768,27.7535894241378,27.4479670409788,26.7929911267277,26.9928502034829,29.4350959456831,28.8445802348867,27.463756251537,28.4356621055294,27.2029171158114,28.3080147442552,28.2268964948551,28.772455542806,28.3651404824661,28.8311275449469,26.5462927027853,28.0093164195429,27.4307072771545,29.2486454446966,29.0272197550622,27.2890234712682,27.929938850924,27.8253658877745,29.2781650944951,28.9286023892504,28.8297542879438,26.702411999107,28.7343013705273,26.8181724805164,28.2107597345422,28.0342015214157,27.5806212525029,27.3341302413735,29.0300967470587,27.7050772424414,27.8483008937387,26.4666560727436,28.7518990088053,27.7462747985698,28.3712145518306,29.5719850049316,27.3982185473389,27.6236734284263,28.552137684268,28.7304688300818,26.6721694580282,28.5121624320406,30.1295575834899,27.833555861897,27.6000029762251,27.8388821395407,27.3250969802933,27.2610668326433,28.0180841081349,27.8048895302936,29.0657553644629,28.4535018227776,27.7600228044341,27.5457602786198,27.035562468358,27.4057965412296,28.9603508219923,28.4552401106534,29.3727004627331,28.5741789389158,27.6030796497728,27.8586862861273,27.2835868122145,27.2919400969741,27.1207782895632,27.6871766245209,28.3149592389943,29.33567109077,27.2534373294554,27.9916621029532,27.4094034157777,28.7372908123466,28.7613010527641,28.1078392405994,28.9952257244624,27.1597668616788,27.8790887809774,28.2158917677137,26.9849094334222,27.4367796416297,28.0067771784748,26.956999875416,28.588724970793,27.070162905714,27.8542056936605,29.0931073338251,29.6711646695762,28.9087681387093
"1st Derivative
Prime",28.4343607316404,28.6139928929896,29.1094460629396,29.0799073492654,30.0644073061836,29.0302243412589,28.1188024948572,29.25440317984,28.891745708756,28.3345301253238,27.8195183070235,27.606986699936,30.1906195041538,29.6452727517478,28.3139008505345,28.8435449875098,28.2131285053804,29.1227712400144,29.3150174296401,29.7874221460682,29.1739665409977,29.8558677948016,27.6892778482862,28.750505515839,28.1036908427439,30.1729781305366,29.5401744244244,28.0507810407229,28.9350041506845,28.6249760242725,30.198461096951,29.7223356107925,29.5009319714308,27.7284945788384,29.4631234292881,27.389284165012,29.094072317348,29.184253398368,28.4419484753921,28.1024604396052,29.8294967446839,28.598807828922,28.9512997424044,27.3868034980712,29.1891185033709,28.7477571082886,29.3154209760914,30.0398623614168,28.2274375066669,28.6195193215332,29.3088049679269,29.3142239390469,27.54625748247,29.3823534337188,31.0974074540698,28.7354626998401,28.1274491413448,28.8790082501715,28.23934778965,28.2128106565555,28.8330123773907,28.7759358873604,29.9565579444983,28.9457179974047,28.70129600775,28.3131451495494,27.9846096591507,28.2703696082054,29.6952870955568,29.4148169759961,30.3793727277425,29.2696839460777,28.5579440160391,28.4381654981185,28.4731235232043,27.9108154709825,27.7124890630347,28.5651509016554,29.1426553766504,30.3562721518525,28.5271588475516,28.8623352361132,28.12914900322,29.3656181193514,29.5809400988695,28.8289767597358,29.9315340152757,27.9402572523974,28.5515524313125,29.1826765244688,27.846268182645,28.6419527532329,28.7270902426394,27.7272009300172,29.2524425485756,27.949135578874,28.7482664664255,30.08423661527,30.28366291055,29.6979957065744
"1st Derivative
Ascending",27.8315618490087,27.6294517056195,28.5585067809126,28.6691663653328,29.2853889888254,28.5325556302464,27.4497737674143,27.8415869613604,27.3768343651767,27.2821925922084,26.6617584012459,27.3155405464536,29.1135528539054,28.7410499819071,27.7129478084392,28.603573655822,26.8556167396737,28.25449807972,28.6019199972033,28.5509557309994,28.4334146028627,29.5196528083471,26.3779603360551,28.3907286341413,27.1665514896439,28.9387624964813,28.3860725806133,27.2470210053954,28.1906766757813,27.7062250505518,29.2739398773513,28.9626658427463,28.5834349682713,26.7623622428578,28.7603426632251,26.6928731264939,28.6729121110718,28.1992985378944,27.7995466301399,26.6487250287032,28.6724286464998,28.0653277658663,27.9758378084841,26.7492138244011,28.3115259143855,27.8909122304362,28.3685912064095,29.150610045022,27.4031926415427,27.8479627791204,28.3594797029135,29.1444906824499,26.6267933662008,28.7694068306843,29.7816947603341,27.7395865970297,27.4014829761053,27.8645186553014,27.3612477333122,27.333672948818,27.9644996758284,27.6685411098664,29.2691802467339,28.270903535363,27.6167961431919,27.7215087363319,27.2678917780084,27.5632703905511,28.7228774308981,28.3742402958134,28.9928371821786,28.3725308375975,28.2026404410317,27.9524474755258,26.9616523256794,27.2355703015922,27.3355078293576,27.5956637032197,28.6791985993518,29.072073376673,27.3338217058293,27.961751899269,27.7228369115837,28.8746134429343,28.93719174786,27.9623095044371,28.7531358646867,26.9248012732863,27.7832040458029,28.1543197243721,26.7754876922039,27.6756494827647,27.7398162299344,27.0876040442652,28.4890225350543,26.991830825144,27.9546647394323,29.0059443045498,29.792144293219,28.9744829483252
"1st Derivative
Descending",29.2131353403283,29.7347782085465,29.8603268285352,29.8690775845139,31.1437480034805,30.33222069473,29.0765294147643,30.5317181219304,30.1453568583661,29.0245062789474,28.6647235916991,28.5348794491136,31.1841422905667,30.7437879944533,29.2820629424769,29.6121945574566,29.6242862678937,30.2311113646029,29.9043392565171,31.1094359365367,29.9134212852992,30.3605831946443,28.9544559219297,29.8498366800245,29.274548262742,30.9300055518835,30.6894817547435,29.2534774991144,29.9161258800306,29.8848356788194,30.7600272461277,30.7120468512417,30.5624942264331,28.9166746311209,30.4074752891827,28.3857831286358,30.037288600984,29.6961675303159,29.6205880600006,29.8143785185584,30.9894836549811,29.5838418604801,30.0169980648972,28.5900000571281,30.1928949488557,29.7108323285265,30.3954987061867,30.8732287486877,29.3192232831751,29.3129307450659,30.5829189685441,30.0833053361582,28.8904022143831,30.0982920512438,32.0486213657728,29.6829972786041,29.3776784002724,29.9050809627625,29.2659197416104,28.9809026958919,29.7347554459562,29.6710702588792,30.6246766915113,30.1037466269804,29.9066078024306,29.1169589450565,28.9730629751892,29.6290465727452,30.6079776684334,30.5619221280382,31.1640535219885,30.3181429882547,29.2897161694227,29.455632513498,29.7791319886146,29.1067365385415,28.7511038543821,29.653081576993,29.924225593167,31.4328348442307,29.5824324533558,30.2203290570618,29.0765246041168,29.9339158120655,30.6400363367772,30.1345394306061,30.8771325767691,29.1209023072136,29.6416369779878,29.7052381509606,28.8453512769797,29.8469832585899,29.5754447934716,28.9564368474917,30.0140526813131,29.3581262759612,29.7666092939849,31.2337856362837,30.8175453289405,30.5616463693517
"1st Derivative
End",27.9921918145795,27.9901333991157,28.8377633552818,28.8844775638647,29.4975346738023,28.7185617053899,27.6666003101462,28.3877882432815,27.8596667485071,27.8097926367729,27.1622420150867,27.3623848724952,29.5189736323212,28.9920178939619,28.0687532373462,28.6350477302329,27.3644531847624,28.5836835617792,28.8975285046077,28.9864361473744,28.6544330389914,29.6270948166864,26.8454180350391,28.5055053712501,27.607285307029,29.2930316960964,28.820891701114,27.6215972334662,28.5746796934895,27.9952167344934,29.6458890080381,29.26150794993,28.9005562936132,27.2251136541035,29.1819279028758,26.8343912167932,28.7852453182369,28.4066589924037,28.1854084843168,27.081608787508,29.0972110649373,28.3327099028283,28.2686326490449,26.8792875097505,28.7537653874823,28.3194066290079,28.8342951282735,29.3379786955336,27.5912445651745,28.1775174490647,28.5320568349039,29.2091869149621,26.9841015542151,29.0897843146006,30.3892890642562,28.1195759490074,27.6130520622343,28.2251768878609,27.6942483585702,27.6739865769482,28.3392692133125,27.8294765227664,29.4866765445281,28.5985994195211,27.8465209096196,27.9744679882593,27.5781325046447,27.9214542164809,29.3119035352903,28.7056433009206,29.3796231855835,28.8459976478518,28.435005049154,28.2994743534144,27.4893392622076,27.3440576160769,27.4795665478923,27.9018767456529,28.8862668240274,29.4875695946964,27.6995942773511,28.3311367238109,28.0857274370102,29.105852460792,29.2998456904749,28.3297942312325,29.2350790300284,27.1984737543002,27.932622892644,28.3525452713057,27.0445029203366,27.8893698113884,28.1223158119526,27.2788506733398,28.6938995597476,27.4275447647912,28.4657051406801,29.3985768280582,30.1183007878844,29.1968961465657
"2nd Derivative",30.9297410677987,31.4263452988217,31.4493226223548,31.7464753119191,32.7493579659694,32.7403450338369,31.0719932298761,31.6132503467695,31.9312273291599,30.0529105078313,30.3402801996717,30.6494834758129,32.0872895016332,32.4344718434115,31.3930861422376,30.8493471665415,31.3176964362682,32.0732128285838,31.8878374627196,32.7257522139891,31.6524388029569,33.0510855329727,30.8514585279467,32.16717857919,30.5211146780485,31.7218345328619,31.4710405798879,30.7386153327024,32.2610553899148,31.3748453303798,32.21756094434,32.1345486129655,31.7041578891292,31.2217604496006,32.2253130933564,29.4336497976988,32.516593808191,31.8892112190564,31.516379153165,30.8605788397427,32.1482329473795,31.88778306208,32.130363778607,30.6900997798045,30.9056521470956,31.6193730050367,32.3003005802381,31.4283634017145,31.0841449353335,31.5695667944528,32.2165933509862,31.9211169224776,30.980317767301,32.1101341428125,33.1261422324632,31.2300996084926,30.5302942440319,31.7788252859556,30.9721819036701,30.9567355935394,31.2319624018718,31.1741073964919,32.1202612700608,31.4079020317593,31.3321907521524,31.0340898567401,30.9416983261922,31.9172314958698,31.9592612351461,32.6486675216318,32.0906217840021,31.6321929449605,31.7839015745642,31.0414458244361,31.7604302097666,30.4631374761706,30.6990035178761,31.434797634547,32.12788484678,32.6993351591957,31.6701126356259,32.0377087365296,31.3034135433585,31.5621053648096,32.471128821945,31.8519546954696,31.9943066487393,30.7087711249966,30.8239167951701,31.3594705532773,30.3211260175006,32.0692374558772,30.6441913083629,30.7196720963534,31.3452822681328,31.1221428548742,31.7608061951869,33.3937061866292,32.6258323035889,31.7025985338978
"2nd Derivative
Prime",30.7799690263828,31.4317158687629,31.4521180610699,31.6979652458433,32.6782355023789,32.7753425459557,31.0218446780045,31.7649420306385,31.9853967684709,30.0378426565477,30.2427852715504,30.5610565246959,32.1561198716352,32.4764296996864,31.3008280901772,30.8126846809166,31.3872423632514,32.0924858594644,31.8087519560236,32.788800666426,31.5909548135163,32.8312456967723,30.8992394624431,32.0534000330922,30.6227552331183,31.6410005221088,31.5374284625016,30.934438329403,32.18433442628,31.4326038844147,32.1528794879954,32.2502586357892,31.7841898490646,31.223232751713,32.3116181306384,29.4529063810356,32.3932789729793,31.689754033619,31.5035692104631,30.8958249731603,32.2203776422365,31.8555245075806,32.1271797945132,30.6208411739486,30.9844776365057,31.6089469750267,32.4136181230039,31.3869048326215,31.0727319480046,31.3807434271555,32.2201668730407,31.8176704693019,31.0182985893732,31.9361988621999,33.1757230864719,31.278007682215,30.6210724904022,31.7848676523742,30.9241030400515,30.9341419627669,31.295561894401,31.0088878060306,32.0637822812636,31.5315344658979,31.3525237205741,30.9292527913794,30.9391173702717,31.9790742467776,32.0032535387441,32.5842493026516,32.0919517552911,31.7946552781836,31.6639547576264,31.1378654799005,31.6863243274632,30.4167048651974,30.7413151479676,31.4385481657209,32.0139056241167,32.6838717103329,31.6037116663371,32.0722286334558,31.3152465570426,31.4183501233604,32.5743239253361,31.9394804978324,31.9797154009996,30.6932946698938,30.881666019157,31.1940529733439,30.2337733472755,31.9840464126687,30.6183174768681,30.7362410580705,31.2849031024564,31.186114374728,31.8702541830987,33.4085889511582,32.584765610217,31.7096570694172
"2nd Derivative
Ascending",30.6942970423072,31.4298621941371,31.3740362105397,31.6612100096865,32.5700367368548,32.7675270682065,31.0663716747906,31.669554975656,31.9604858648994,30.0407489723366,30.1793188543227,30.5711118920956,32.075131512066,32.4229082661656,31.2123749854478,30.7450276390516,31.3630719677211,32.0434742486229,31.8536849569704,32.7631706558261,31.5282439365383,32.7770484851512,30.8701461703014,31.955073062772,30.5504210269465,31.5686317115744,31.441102910338,31.0261311400015,32.1246719796437,31.4859385515814,32.0980439902841,32.2624604654322,31.7263764757884,31.1891948541429,32.230500877085,29.5270236422205,32.3437922554578,31.6567332009276,31.3809547019735,30.813070060941,32.1149218949109,31.7875997560133,32.1392557005508,30.6626739176762,30.8123022018285,31.6612191601608,32.4813133495582,31.3358005116544,31.0406077758031,31.2606879856107,32.1552939337317,31.733128959382,30.9637428555363,31.8066795421863,33.1823318219292,31.3270147935355,30.5370834500828,31.7957039812453,30.9184006481262,30.9333081138113,31.3638324499065,30.922663743361,32.0246158443048,31.4513255225122,31.3982103858099,30.9265424351634,30.8934840591994,32.0337965968731,31.8163661523268,32.4932188261997,32.0717739125393,31.7678543481971,31.6220262715468,31.1558177024916,31.5385478155742,30.3395342397111,30.6825853908302,31.5941709095216,31.9209788402943,32.6237885041299,31.6388663723218,31.9261159027144,31.2502869958379,31.3345924724384,32.5999760512688,31.9038463361255,31.8766503713067,30.7203932345428,30.7757851989402,31.2494723256323,30.1591873834392,32.0070365469593,30.4939294144822,30.7113205278873,31.186901844698,31.0833305577158,31.8826018475215,33.4265099346109,32.5253028562061,31.7694132216811
"2nd Derivative
Descending",30.8858609280346,31.3777631555566,31.3220277624624,31.6985788307636,32.6027290596798,32.6485255050888,31.1134103592643,31.4159430700646,31.7797947778556,30.0913708050468,30.337915595024,30.6690451228783,31.9326413811835,32.3054086080628,31.3334451667225,30.7747076958923,31.1812600237443,31.9264432892473,31.9704129339353,32.56364747986,31.5733803037404,33.1021159375181,30.7390206676392,32.0674797193416,30.3986646948228,31.6939960391519,31.2922769117694,30.5688452345846,32.1794138567977,31.3292213019531,32.1876716166239,32.0448204501679,31.5218060438945,31.1495721165366,32.0923810016293,29.4500916244984,32.4886816823453,31.9157186098827,31.3961257847373,30.6726523734197,31.9873036820946,31.7995555256542,32.0446910884314,30.7146499968014,30.7271113772499,31.604637439521,32.2011950020413,31.3715037168526,30.9869340254542,31.5196851589859,32.0506095455568,31.871417698525,30.8378688977777,32.0520198212174,33.1415433585929,31.1602183971142,30.3214759895244,31.7259962899029,30.955311920238,30.8974391943151,31.1972578352644,31.1337218066231,32.106436311378,31.2370968086693,31.2782395674877,31.0503384471587,30.8830746280313,31.8356770709948,31.7480400736447,32.5078101604218,32.0121771722819,31.4768890459774,31.7596484316739,30.9926476849564,31.6119768054253,30.3691303022111,30.5506128146775,31.486977299878,32.0576264395498,32.6035858764024,31.7310242022625,31.8560896221015,31.1838043456991,31.5321063231372,32.351701935832,31.7022536278805,31.8979312118407,30.6487971630187,30.6298875040463,31.4815279512567,30.249723830412,32.0949051092782,30.5232356139763,30.6329604718614,31.2041846472136,30.9577392765606,31.6684746329227,33.2923840500611,32.5993342843294,31.6998487541517
"2nd Derivative
End",30.8069295226774,31.440764316605,31.4662637078491,31.718912769821,32.6927294484406,32.8008081159135,31.0447468122174,31.7292771591494,31.9941394823593,30.0220562279796,30.2490457477283,30.5939298266169,32.1438047713464,32.4890228455485,31.3042539481849,30.8204257837017,31.3900726143651,32.111899141216,31.8348870333941,32.7902782781358,31.6291840603015,32.8741765657267,30.9158087904019,32.0823444251557,30.5591910128359,31.6402521393681,31.5131261746596,30.9330944655462,32.2051638907118,31.4301394906874,32.1606450549323,32.2267607104278,31.7850830846061,31.2495994543536,32.2880599593573,29.4674113142826,32.4393469824032,31.7310275513562,31.4910561680902,30.8745976664755,32.1873538704235,31.870575265954,32.162695129886,30.6777046529299,30.9418619147606,31.6312686230173,32.4130277643694,31.3800970774252,31.0906693695574,31.406254354657,32.2482941391629,31.8537340244213,31.0082143427064,31.9503726571108,33.132711144571,31.2892674454782,30.605362661536,31.8070153934733,30.9435173703563,30.9631442390366,31.2986533722164,31.0415962600332,32.0956120968112,31.5061024725509,31.3739619326014,30.951341279882,30.9511864336981,31.9652619351052,31.9686105766791,32.607420497587,32.0917293392148,31.7985136651562,31.6985779328243,31.1448513335497,31.6890775608508,30.4157887321482,30.7737242608192,31.4621035432022,32.0362451910669,32.6803797579609,31.6164116014447,32.0586902534542,31.3448720249033,31.4393638751296,32.5935236724569,31.9343822422876,31.9628883470518,30.6969158397739,30.881984858218,31.235184476287,30.2476514715866,32.0131922148365,30.6262839013942,30.7461481017123,31.3080492535212,31.1610705974289,31.8409764386729,33.4663523769803,32.5849408085599,31.7072351670183
