"word.subject","word.cluster_labels","word.question_type","word.score","word.sentiment_score"
1,17,"willing",20,-0.771744713187218
1,5,"willing",62,0.75802755355835
1,13,"willing",61,0.573689103126526
1,23,"willing",100,0.714885711669922
1,4,"willing",73,0.731200695037842
1,4,"willing",44,-0.728010952472687
1,20,"willing",91,-0.747337371110916
1,14,"willing",39,-0.565425992012024
2,4,"willing",60,0.700961112976074
2,16,"willing",65,0.660681486129761
2,18,"willing",84,0.738454341888428
2,5,"willing",25,0.664202928543091
2,15,"willing",10,0.716869711875916
2,10,"willing",55,0.695410847663879
2,12,"willing",28,-0.757560282945633
2,19,"willing",91,0.571426868438721
3,24,"willing",30,0.391091346740723
3,1,"willing",30,0.638033032417297
3,18,"willing",91,0.444761276245117
3,13,"willing",30,0.320042848587036
3,8,"willing",100,0.402666091918945
3,12,"willing",60,0.270068049430847
3,12,"willing",95,-0.711745262145996
3,13,"willing",10,0.414975047111511
4,21,"willing",6,-0.709005445241928
4,1,"willing",23,-0.771744713187218
4,25,"willing",100,0.695410847663879
4,12,"willing",43,0.710372924804688
4,7,"willing",50,-0.271403670310974
4,12,"willing",47,0.543074131011963
4,21,"willing",65,-0.156125068664551
4,7,"willing",0,0.731200695037842
5,16,"willing",50,0.391091346740723
5,2,"willing",0,-0.317578494548798
5,15,"willing",0,0.678370833396912
5,8,"willing",60,-0.356299221515656
5,6,"willing",0,-0.788854420185089
5,2,"willing",0,-0.798667669296265
5,16,"willing",0,-0.757560282945633
5,24,"willing",0,0.700961112976074
6,18,"willing",76,0.391091346740723
6,0,"willing",89,0.75802755355835
6,1,"willing",0,-0.728010952472687
6,0,"willing",63,0.442355394363403
6,0,"willing",61,0.233093976974487
6,0,"willing",100,0.508263111114502
6,19,"willing",83,-0.549875050783157
6,6,"willing",20,0.670098781585693
7,24,"willing",36,0.548390865325928
7,18,"willing",65,0.642176866531372
7,14,"willing",10,-0.803444087505341
7,3,"willing",92,0.763096928596497
7,0,"willing",71,-0.470828771591187
7,15,"willing",30,-0.739865243434906
7,20,"willing",39,-0.764777109026909
7,22,"willing",93,0.78659188747406
8,12,"willing",93,0.391091346740723
8,18,"willing",48,0.638033032417297
8,0,"willing",91,0.738454341888428
8,13,"willing",31,0.521633505821228
8,7,"willing",8,-0.761645391583443
8,0,"willing",100,0.738454341888428
8,26,"willing",100,-0.757172673940659
8,7,"willing",100,0.642176866531372
9,12,"willing",50,0.466552972793579
9,6,"willing",9,-0.788779139518738
9,9,"willing",19,-0.531803667545319
9,26,"willing",50,0.731200695037842
9,1,"willing",0,-0.767173245549202
9,5,"willing",50,0.374200105667114
9,25,"willing",19,-0.484326183795929
9,16,"willing",18,-0.161953628063202
10,7,"willing",9,-0.765659347176552
10,4,"willing",51,0.660681486129761
10,10,"willing",39,-0.0930331349372864
10,23,"willing",98,0.759617209434509
10,7,"willing",41,-0.771744713187218
10,10,"willing",81,0.374200105667114
10,13,"willing",30,-0.757560282945633
10,16,"willing",31,0.731200695037842
11,10,"willing",75,-0.721023887395859
11,12,"willing",100,-0.253814160823822
11,0,"willing",50,0.374200105667114
11,12,"willing",90,0.742148160934448
11,12,"willing",80,0.731200695037842
11,13,"willing",100,0.707043170928955
11,13,"willing",90,-0.680414855480194
11,8,"willing",100,-0.4788738489151
12,2,"willing",0,-0.771744713187218
12,0,"willing",54,0.695410847663879
12,13,"willing",35,-0.535250902175903
12,8,"willing",70,0.742148160934448
12,18,"willing",62,0.731200695037842
12,2,"willing",5,-0.424350440502167
12,26,"willing",47,-0.757560282945633
12,20,"willing",52,-0.58281946182251
13,4,"willing",48,0.660681486129761
13,10,"willing",50,-0.424350440502167
13,0,"willing",61,0.245904684066772
13,12,"willing",62,0.731200695037842
13,0,"willing",70,0.21867835521698
13,26,"willing",61,0.758896827697754
13,0,"willing",81,0.700512170791626
13,7,"willing",66,0.37063467502594
14,1,"willing",0,-0.835734352469444
14,6,"willing",0,-0.779227450489998
14,5,"willing",55,0.457461595535278
14,23,"willing",72,0.731200695037842
14,16,"willing",61,-0.666727006435394
14,6,"willing",2,-0.515980362892151
14,6,"willing",30,-0.764777109026909
14,14,"willing",8,-0.764777109026909
15,2,"willing",27,0.391091346740723
15,17,"willing",5,-0.74870041012764
15,12,"willing",51,-0.180331110954285
15,13,"willing",65,0.635981798171997
15,7,"willing",23,-0.36501157283783
15,2,"willing",31,-0.186173796653748
15,8,"willing",39,-0.757560282945633
15,7,"willing",67,0.78659188747406
16,25,"willing",67,0.335939645767212
16,26,"willing",91,0.695410847663879
16,25,"willing",100,0.374200105667114
16,19,"willing",81,0.731200695037842
16,19,"willing",73,-0.470828771591187
16,18,"willing",100,0.695410847663879
16,26,"willing",82,0.674097537994385
16,0,"willing",71,0.78659188747406
17,20,"willing",0,0.557807087898254
17,15,"willing",0,-0.167389512062073
17,15,"willing",0,0.678370833396912
17,21,"willing",0,0.521633505821228
17,2,"willing",0,-0.779227450489998
17,6,"willing",0,-0.190789461135864
17,20,"willing",0,-0.156125068664551
17,21,"willing",70,0.708225727081299
18,20,"willing",0,-0.0745089650154114
18,6,"willing",0,0.48602294921875
18,0,"willing",25,0.457461595535278
18,1,"willing",0,-0.771744713187218
18,6,"willing",0,0.731200695037842
18,0,"willing",60,0.75802755355835
18,1,"willing",5,-0.591646939516068
18,1,"willing",0,-0.826947867870331
19,19,"willing",40,0.695410847663879
19,16,"willing",65,0.743591904640198
19,25,"willing",30,0.678370833396912
19,23,"willing",25,0.537293791770935
19,17,"willing",10,-0.771744713187218
19,23,"willing",20,-0.764777109026909
19,13,"willing",70,-0.757560282945633
19,19,"willing",70,0.590556859970093
20,0,"willing",72,0.695410847663879
20,26,"willing",55,0.738454341888428
20,9,"willing",45,0.374200105667114
20,26,"willing",62,-0.617924124002457
20,0,"willing",73,0.731200695037842
20,15,"willing",10,-0.816255614161491
20,13,"willing",64,-0.757560282945633
20,1,"willing",11,-0.779227450489998
21,2,"willing",4,-0.773200288414955
21,2,"willing",0,-0.726624071598053
21,8,"willing",63,0.738454341888428
21,12,"willing",23,-0.0745089650154114
21,1,"willing",2,-0.771744713187218
21,15,"willing",9,-0.180331110954285
21,8,"willing",64,-0.757560282945633
21,15,"willing",28,-0.660026460886002
22,25,"willing",45,0.695410847663879
22,25,"willing",60,-0.228060901165009
22,23,"willing",40,-0.573507249355316
22,23,"willing",60,0.714885711669922
22,13,"willing",15,-0.505137056112289
22,25,"willing",5,-0.667535901069641
22,6,"willing",0,-0.75482189655304
22,15,"willing",0,-0.274528503417969
23,0,"willing",15,0.695410847663879
23,16,"willing",10,0.571426868438721
23,16,"willing",0,-0.666805267333984
23,6,"willing",5,-0.790761336684227
23,1,"willing",0,-0.778673276305199
23,4,"willing",1,-0.650366872549057
23,1,"willing",0,-0.518516272306442
23,19,"willing",20,0.466552972793579
24,14,"willing",4,0.391091346740723
24,5,"willing",65,-0.642010241746902
24,10,"willing",65,0.270068049430847
24,26,"willing",100,0.724303126335144
24,0,"willing",100,-0.790915548801422
24,10,"willing",80,0.738454341888428
24,15,"willing",70,-0.188717424869537
24,19,"willing",100,0.452675938606262
25,26,"willing",18,0.198688626289368
25,0,"willing",100,0.759617209434509
25,19,"willing",18,0.569373607635498
25,5,"willing",0,0.569373607635498
25,1,"willing",0,-0.760498642921448
25,19,"willing",100,0.731200695037842
25,12,"willing",100,-0.591646939516068
25,1,"willing",0,-0.755544096231461
26,21,"willing",40,-0.0825422406196594
26,26,"willing",100,0.743591904640198
26,3,"willing",70,0.374200105667114
26,7,"willing",72,0.742148160934448
26,1,"willing",9,-0.760498642921448
26,8,"willing",45,-0.728010952472687
26,24,"willing",65,-0.595013201236725
26,6,"willing",39,-0.680414855480194
27,20,"willing",0,-0.784131273627281
27,21,"willing",5,-0.601549535989761
27,18,"willing",62,-0.278412461280823
27,8,"willing",60,0.742148160934448
27,6,"willing",0,-0.769211456179619
27,8,"willing",9,-0.424350440502167
27,20,"willing",0,-0.757560282945633
27,19,"willing",72,-0.193140745162964
28,7,"willing",5,0.557807087898254
28,17,"willing",2,-0.784131273627281
28,0,"willing",72,0.374200105667114
28,12,"willing",84,0.742148160934448
28,13,"willing",92,0.700512170791626
28,20,"willing",19,0.609671711921692
28,7,"willing",66,0.674097537994385
28,17,"willing",3,-0.680414855480194
29,1,"willing",0,-0.816255614161491
29,15,"willing",54,0.335939645767212
29,13,"willing",64,-0.713686496019363
29,8,"willing",83,0.731200695037842
29,6,"willing",0,-0.760498642921448
29,15,"willing",4,0.680166959762573
29,2,"willing",7,-0.764777109026909
29,1,"willing",0,-0.771744713187218
30,19,"willing",96,0.357367515563965
30,3,"willing",89,0.695410847663879
30,7,"willing",73,0.374200105667114
30,5,"willing",10,-0.773184135556221
30,1,"willing",0,-0.431646764278412
30,25,"willing",27,-0.690130531787872
30,6,"willing",0,-0.431646764278412
30,18,"willing",100,-0.0347154140472412
31,0,"willing",40,-0.788358569145203
31,0,"willing",88,0.713557720184326
31,19,"willing",55,-0.209695935249329
31,13,"willing",55,-0.170616209506989
31,6,"willing",4,-0.814884692430496
31,12,"willing",75,0.6376713514328
31,0,"willing",100,-0.156125068664551
31,8,"willing",81,0.0589542388916016
32,19,"willing",72,0.391091346740723
32,19,"willing",45,0.731200695037842
32,25,"willing",60,0.738454341888428
32,5,"willing",42,0.731200695037842
32,7,"willing",9,0.0578113794326782
32,25,"willing",17,0.508263111114502
32,7,"willing",55,-0.156125068664551
32,19,"willing",60,0.78659188747406
33,26,"willing",100,0.731200695037842
33,3,"willing",100,0.763096928596497
33,10,"willing",100,0.738454341888428
33,24,"willing",100,0.662636518478394
33,26,"willing",100,0.344143509864807
33,22,"willing",100,0.374200105667114
33,8,"willing",100,0.21867835521698
33,26,"willing",100,0.78659188747406
34,20,"willing",0,-0.778576478362083
34,13,"willing",70,0.405173659324646
34,8,"willing",92,0.678370833396912
34,13,"willing",21,-0.666727006435394
34,13,"willing",86,0.731200695037842
34,5,"willing",40,-0.674454778432846
34,8,"willing",100,-0.595013201236725
34,13,"willing",61,-0.680414855480194
35,19,"willing",70,0.590556859970093
35,7,"willing",70,0.695410847663879
35,25,"willing",81,0.374200105667114
35,12,"willing",40,0.742148160934448
35,23,"willing",3,-0.470828771591187
35,16,"willing",60,0.374200105667114
35,12,"willing",95,-0.757560282945633
35,8,"willing",100,0.590556859970093
36,23,"willing",13,-0.733958572149277
36,20,"willing",27,-0.802049145102501
36,2,"willing",0,-0.739865243434906
36,25,"willing",8,0.743591904640198
36,11,"willing",0,-0.802049145102501
36,24,"willing",70,0.738454341888428
36,14,"willing",0,-0.680414855480194
36,19,"willing",60,0.195933938026428
37,16,"willing",15,-0.305513978004456
37,8,"willing",20,-0.505137056112289
37,26,"willing",25,0.374200105667114
37,12,"willing",40,0.742148160934448
37,8,"willing",65,0.731200695037842
37,26,"willing",20,0.713557720184326
37,12,"willing",60,0.690699458122253
37,26,"willing",20,0.78659188747406
38,15,"willing",15,0.391091346740723
38,7,"willing",9,-0.675742328166962
38,5,"willing",30,0.414975047111511
38,23,"willing",30,-0.639607906341553
38,0,"willing",80,-0.505137056112289
38,26,"willing",35,0.374200105667114
38,7,"willing",76,-0.757560282945633
38,21,"willing",15,0.78659188747406
39,17,"willing",0,-0.771744713187218
39,3,"willing",10,0.724982976913452
39,21,"willing",19,-0.569750815629959
39,24,"willing",20,-0.788888514041901
39,12,"willing",100,0.731200695037842
39,9,"willing",9,-0.754491046071053
39,10,"willing",10,-0.711745262145996
39,12,"willing",90,0.78659188747406
40,9,"willing",24,-0.764777109026909
40,3,"willing",85,0.695410847663879
40,12,"willing",50,-0.756154701113701
40,17,"willing",45,-0.505137056112289
40,7,"willing",50,0.674097537994385
40,12,"willing",68,0.245904684066772
40,0,"willing",80,-0.156125068664551
40,22,"willing",74,0.78659188747406
41,3,"willing",85,0.391091346740723
41,26,"willing",80,0.638033032417297
41,8,"willing",92,0.374200105667114
41,23,"willing",75,0.642146825790405
41,22,"willing",25,0.6376713514328
41,3,"willing",95,0.0690457820892334
41,8,"willing",60,-0.793742701411247
41,8,"willing",100,0.78659188747406
42,8,"willing",6,0.790867328643799
42,12,"willing",4,0.743591904640198
42,21,"willing",5,0.433952331542969
42,2,"willing",2,-0.574658811092377
42,8,"willing",7,-0.525312900543213
42,2,"willing",0,-0.737428963184357
42,13,"willing",8,0.590556859970093
42,7,"willing",1,0.736944437026978
43,17,"willing",0,-0.0137680172920227
43,3,"willing",0,-0.574081420898438
43,4,"willing",0,-0.535250902175903
43,11,"willing",0,-0.771744713187218
43,11,"willing",0,-0.119235992431641
43,14,"willing",0,0.0690457820892334
43,12,"willing",28,-0.567534536123276
43,26,"willing",30,0.195933938026428
44,4,"willing",65,0.391091346740723
44,22,"willing",16,0.638033032417297
44,4,"willing",71,-0.234929323196411
44,14,"willing",0,0.419940948486328
44,15,"willing",6,-0.792643219232559
44,16,"willing",14,0.391091346740723
44,13,"willing",87,-0.156125068664551
44,2,"willing",0,-0.771744713187218
45,1,"willing",21,0.649226784706116
45,16,"willing",29,-0.317578494548798
45,16,"willing",39,0.680166959762573
45,23,"willing",45,0.590730786323547
45,21,"willing",54,0.21867835521698
45,5,"willing",34,0.391091346740723
45,20,"willing",4,-0.740360110998154
45,26,"willing",51,0.670098781585693
46,2,"willing",16,-0.778576478362083
46,25,"willing",16,-0.521409273147583
46,21,"willing",55,-0.728010952472687
46,12,"willing",93,0.633119344711304
46,21,"willing",0,-0.505137056112289
46,26,"willing",64,-0.186173796653748
46,20,"willing",0,-0.747337371110916
46,22,"willing",13,0.466552972793579
47,0,"willing",60,0.391091346740723
47,3,"willing",75,0.571426868438721
47,18,"willing",84,0.220730304718018
47,12,"willing",65,0.742148160934448
47,0,"willing",75,0.674097537994385
47,26,"willing",80,0.374200105667114
47,0,"willing",91,-0.747337371110916
47,19,"willing",98,-0.0209064483642578
48,0,"willing",70,0.695410847663879
48,0,"willing",50,0.695410847663879
48,19,"willing",60,0.374200105667114
48,0,"willing",70,0.714885711669922
48,0,"willing",60,0.21867835521698
48,0,"willing",70,0.738454341888428
48,19,"willing",60,-0.156125068664551
48,19,"willing",70,0.627710700035095
49,19,"willing",100,-0.304470658302307
49,3,"willing",100,0.759617209434509
49,19,"willing",100,0.743591904640198
49,18,"willing",95,0.695410847663879
49,0,"willing",100,0.731200695037842
49,19,"willing",95,0.738454341888428
49,19,"willing",97,-0.156125068664551
49,19,"willing",100,0.695410847663879
50,8,"willing",100,0.391091346740723
50,1,"willing",0,-0.768006309866905
50,1,"willing",0,-0.739865243434906
50,16,"willing",43,0.313746333122253
50,8,"willing",54,0.487629055976868
50,1,"willing",0,-0.788779139518738
50,1,"willing",39,-0.825471818447113
50,8,"willing",100,0.642176866531372
51,5,"willing",0,-0.574903130531311
51,23,"willing",100,0.738454341888428
51,10,"willing",81,0.374200105667114
51,26,"willing",49,0.674097537994385
51,26,"willing",60,0.700512170791626
51,25,"willing",92,0.695410847663879
51,19,"willing",92,0.590556859970093
51,19,"willing",81,-0.305513978004456
52,14,"willing",57,0.48602294921875
52,2,"willing",1,-0.785388320684433
52,12,"willing",72,0.374200105667114
52,8,"willing",97,0.70619523525238
52,2,"willing",3,-0.559883236885071
52,20,"willing",18,-0.798667669296265
52,20,"willing",28,-0.728010952472687
52,2,"willing",5,-0.814335599541664
53,21,"willing",25,-0.30104649066925
53,9,"willing",50,0.0105235576629639
53,18,"willing",55,-0.0930331349372864
53,24,"willing",40,0.201978445053101
53,0,"willing",50,-0.42878383398056
53,6,"willing",45,0.0690457820892334
53,20,"willing",30,-0.292811334133148
53,8,"willing",60,-0.326417088508606
54,20,"willing",3,0.391091346740723
54,12,"willing",3,0.660681486129761
54,13,"willing",0,-0.666805267333984
54,10,"willing",9,0.6376713514328
54,8,"willing",81,0.592597484588623
54,12,"willing",5,0.374200105667114
54,16,"willing",9,-0.76291199028492
54,15,"willing",0,0.0589542388916016
55,26,"willing",100,0.763096928596497
55,23,"willing",100,-0.332378149032593
55,18,"willing",100,0.220730304718018
55,12,"willing",100,0.674097537994385
55,1,"willing",0,-0.771744713187218
55,19,"willing",80,-0.424350440502167
55,13,"willing",100,0.21867835521698
55,13,"willing",65,-0.779227450489998
56,8,"willing",45,0.75802755355835
56,2,"willing",0,-0.771744713187218
56,2,"willing",0,-0.728010952472687
56,2,"willing",0,-0.795571208000183
56,13,"willing",0,-0.64439383149147
56,1,"willing",0,-0.73030099272728
56,15,"willing",50,0.674097537994385
56,2,"willing",0,-0.761301696300507
57,18,"willing",5,-0.635335892438889
57,12,"willing",0,0.695410847663879
57,9,"willing",0,0.678370833396912
57,16,"willing",0,0.751473665237427
57,1,"willing",0,-0.725869178771973
57,9,"willing",0,0.638033032417297
57,25,"willing",0,-0.757560282945633
57,1,"willing",0,0.0760346651077271
58,2,"willing",0,-0.818902403116226
58,2,"willing",0,-0.533860832452774
58,21,"willing",13,0.330546140670776
58,2,"willing",0,-0.771744713187218
58,8,"willing",51,0.731200695037842
58,2,"willing",0,0.433952331542969
58,20,"willing",0,-0.586760878562927
58,8,"willing",85,0.78659188747406
59,5,"willing",25,-0.401459991931915
59,2,"willing",0,-0.756154701113701
59,2,"willing",10,-0.424350440502167
59,7,"willing",40,0.738454341888428
59,7,"willing",40,0.335939645767212
59,2,"willing",0,-0.7577785551548
59,13,"willing",30,-0.773200288414955
59,2,"willing",9,-0.771744713187218
60,2,"willing",0,-0.80050952732563
60,21,"willing",0,-0.167389512062073
60,16,"willing",0,-0.807989463210106
60,7,"willing",0,0.603157520294189
60,5,"willing",0,-0.505137056112289
60,1,"willing",0,-0.68180313706398
60,1,"willing",0,-0.830285847187042
60,22,"willing",0,-0.193140745162964
61,8,"willing",100,0.391091346740723
61,2,"willing",0,-0.771744713187218
61,13,"willing",69,0.374200105667114
61,2,"willing",0,-0.788358569145203
61,2,"willing",0,-0.771744713187218
61,8,"willing",100,0.374200105667114
61,8,"willing",74,-0.188717424869537
61,8,"willing",100,0.670098781585693
62,2,"willing",0,-0.401459991931915
62,0,"willing",62,0.731200695037842
62,18,"willing",3,0.75802755355835
62,12,"willing",5,0.742148160934448
62,1,"willing",0,0.674097537994385
62,0,"willing",100,0.374200105667114
62,15,"willing",0,-0.305513978004456
62,1,"willing",4,0.552592277526855
63,6,"willing",0,-0.784131273627281
63,6,"willing",0,-0.784131273627281
63,5,"willing",0,-0.728010952472687
63,5,"willing",20,0.521633505821228
63,9,"willing",91,0.731200695037842
63,24,"willing",0,-0.798667669296265
63,16,"willing",0,-0.814335599541664
63,14,"willing",0,-0.804886221885681
64,21,"willing",0,-0.811454877257347
64,0,"willing",40,-0.567199617624283
64,21,"willing",25,0.731200695037842
64,8,"willing",20,-0.356299221515656
64,25,"willing",10,0.731200695037842
64,8,"willing",60,0.738454341888428
64,13,"willing",45,-0.156125068664551
64,8,"willing",19,0.708293914794922
65,7,"willing",41,0.391091346740723
65,17,"willing",0,-0.739865243434906
65,17,"willing",0,-0.728010952472687
65,12,"willing",55,0.320042848587036
65,0,"willing",99,0.731200695037842
65,1,"willing",0,-0.725869178771973
65,13,"willing",65,-0.757560282945633
65,1,"willing",6,-0.677652537822723
66,19,"willing",10,-0.666727006435394
66,3,"willing",29,0.738454341888428
66,20,"willing",0,0.198688626289368
66,23,"willing",0,0.742148160934448
66,1,"willing",0,-0.505137056112289
66,7,"willing",19,-0.643076837062836
66,22,"willing",3,-0.36501157283783
66,19,"willing",25,0.453364014625549
67,8,"willing",100,0.695410847663879
67,23,"willing",100,0.638033032417297
67,13,"willing",90,0.374200105667114
67,23,"willing",40,-0.505137056112289
67,12,"willing",85,-0.505137056112289
67,10,"willing",80,0.374200105667114
67,12,"willing",80,-0.156125068664551
67,26,"willing",80,-0.505137056112289
68,26,"willing",30,-0.156125068664551
68,21,"willing",6,0.660681486129761
68,19,"willing",74,0.738454341888428
68,7,"willing",15,0.521633505821228
68,13,"willing",19,0.742148160934448
68,21,"willing",54,0.695410847663879
68,20,"willing",3,-0.757560282945633
68,4,"willing",9,0.172764897346497
69,2,"willing",0,-0.612575769424438
69,16,"willing",16,0.466552972793579
69,21,"willing",0,0.697143316268921
69,23,"willing",22,0.548390865325928
69,19,"willing",0,0.269824743270874
69,1,"willing",0,0.270068049430847
69,17,"willing",11,-0.156125068664551
69,1,"willing",0,-0.737778931856155
70,15,"willing",28,-0.766053304076195
70,7,"willing",84,0.662636518478394
70,0,"willing",100,0.75802755355835
70,12,"willing",70,0.742148160934448
70,13,"willing",19,-0.765659347176552
70,19,"willing",75,0.374200105667114
70,12,"willing",65,-0.156125068664551
70,25,"willing",80,0.736944437026978
71,21,"willing",5,-0.771744713187218
71,26,"willing",75,0.391091346740723
71,0,"willing",70,0.374200105667114
71,1,"willing",0,-0.771744713187218
71,2,"willing",10,0.674097537994385
71,4,"willing",10,-0.0745089650154114
71,5,"willing",30,-0.36501157283783
71,17,"willing",0,-0.739843457937241
72,1,"willing",18,-0.505137056112289
72,11,"willing",5,0.638033032417297
72,24,"willing",15,0.414975047111511
72,23,"willing",46,0.742148160934448
72,8,"willing",74,-0.470828771591187
72,20,"willing",5,-0.728010952472687
72,16,"willing",42,-0.156125068664551
72,13,"willing",7,0.638033032417297
73,26,"willing",43,-0.156125068664551
73,4,"willing",69,0.466552972793579
73,20,"willing",24,0.660681486129761
73,26,"willing",53,0.739808082580566
73,12,"willing",61,0.680447101593018
73,4,"willing",34,0.374200105667114
73,13,"willing",60,-0.757560282945633
73,0,"willing",71,0.78659188747406
74,13,"willing",57,-0.741232067346573
74,25,"willing",81,0.453320980072021
74,9,"willing",64,-0.0930331349372864
74,23,"willing",31,0.633119344711304
74,7,"willing",62,0.731200695037842
74,10,"willing",0,-0.548686176538467
74,1,"willing",0,-0.814335599541664
74,8,"willing",100,0.594313383102417
75,18,"willing",86,0.695410847663879
75,14,"willing",0,-0.674454778432846
75,9,"willing",98,0.642176866531372
75,8,"willing",86,0.635981798171997
75,6,"willing",0,-0.119235992431641
75,1,"willing",0,0.0690457820892334
75,13,"willing",77,-0.549875050783157
75,12,"willing",100,0.521065831184387
76,22,"willing",40,-0.788402155041695
76,3,"willing",65,0.731200695037842
76,18,"willing",70,0.508263111114502
76,12,"willing",100,0.75802755355835
76,22,"willing",70,0.716869711875916
76,19,"willing",80,0.571426868438721
76,3,"willing",65,-0.694690495729446
76,22,"willing",60,0.674097537994385
77,26,"willing",87,-0.156125068664551
77,5,"willing",70,0.0962004661560059
77,1,"willing",0,-0.771744713187218
77,26,"willing",100,0.775673627853394
77,4,"willing",96,0.269824743270874
77,1,"willing",4,-0.586760878562927
77,12,"willing",51,-0.80050952732563
77,8,"willing",76,0.790867328643799
78,13,"willing",71,0.391091346740723
78,24,"willing",100,0.759617209434509
78,25,"willing",100,0.75802755355835
78,2,"willing",0,-0.788358569145203
78,1,"willing",0,-0.771744713187218
78,6,"willing",7,0.787449598312378
78,4,"willing",82,0.590556859970093
78,21,"willing",57,0.0630613565444946
79,20,"willing",0,-0.304470658302307
79,17,"willing",0,-0.415085136890411
79,17,"willing",0,-0.725869178771973
79,26,"willing",10,0.313746333122253
79,2,"willing",0,-0.803040355443954
79,17,"willing",0,-0.759581834077835
79,21,"willing",0,-0.591646939516068
79,25,"willing",10,-0.167389512062073
80,0,"willing",61,0.391091346740723
80,26,"willing",78,0.638033032417297
80,21,"willing",0,0.414975047111511
80,17,"willing",0,0.476712942123413
80,22,"willing",31,-0.105449199676514
80,13,"willing",0,-0.667122900485992
80,16,"willing",0,-0.757560282945633
80,19,"willing",36,0.700961112976074
81,15,"willing",45,-0.145119667053223
81,24,"willing",35,-0.703788310289383
81,19,"willing",90,0.00127363204956055
81,0,"willing",55,0.714885711669922
81,7,"willing",60,-0.768604531884193
81,15,"willing",55,0.374200105667114
81,26,"willing",40,-0.76291199028492
81,8,"willing",70,-0.190668284893036
82,8,"willing",75,0.695410847663879
82,21,"willing",25,-0.756154701113701
82,15,"willing",20,0.678370833396912
82,8,"willing",70,0.693966627120972
82,8,"willing",35,-0.505137056112289
82,1,"willing",15,-0.725869178771973
82,8,"willing",50,-0.757560282945633
82,2,"willing",15,-0.771744713187218
83,12,"willing",85,0.391091346740723
83,12,"willing",55,0.731200695037842
83,26,"willing",93,0.220730304718018
83,12,"willing",55,0.490541696548462
83,7,"willing",34,0.731200695037842
83,8,"willing",60,-0.728010952472687
83,12,"willing",100,0.590556859970093
83,8,"willing",80,0.742148160934448
84,22,"willing",40,-0.771744713187218
84,3,"willing",100,0.660681486129761
84,25,"willing",71,0.571426868438721
84,13,"willing",0,-0.795571208000183
84,15,"willing",0,-0.771744713187218
84,19,"willing",65,-0.400558412075043
84,20,"willing",19,-0.783516973257065
84,19,"willing",100,0.695410847663879
85,1,"willing",0,-0.779154896736145
85,2,"willing",0,-0.764777109026909
85,5,"willing",10,-0.771744713187218
85,18,"willing",95,0.75802755355835
85,13,"willing",90,0.619345784187317
85,12,"willing",30,0.457461595535278
85,26,"willing",98,-0.156125068664551
85,12,"willing",0,-0.680414855480194
86,14,"willing",19,0.767429232597351
86,24,"willing",8,0.738454341888428
86,21,"willing",17,0.763096928596497
86,25,"willing",40,0.599554300308228
86,10,"willing",30,0.0742924213409424
86,25,"willing",10,0.695410847663879
86,10,"willing",20,0.738454341888428
86,24,"willing",10,0.571426868438721
87,19,"willing",97,0.695410847663879
87,24,"willing",100,0.724982976913452
87,9,"willing",0,-0.2917520403862
87,23,"willing",45,0.714885711669922
87,21,"willing",86,-0.771348029375076
87,9,"willing",75,0.738454341888428
87,4,"willing",92,0.674097537994385
87,10,"willing",20,-0.574903130531311
88,19,"willing",68,0.391091346740723
88,18,"willing",100,0.695410847663879
88,0,"willing",100,0.220730304718018
88,12,"willing",73,0.759617209434509
88,6,"willing",16,-0.760498642921448
88,26,"willing",14,-0.703788310289383
88,0,"willing",68,0.21867835521698
88,19,"willing",42,0.738454341888428
89,20,"willing",8,-0.401459991931915
89,8,"willing",86,0.660681486129761
89,20,"willing",72,-0.279041528701782
89,0,"willing",71,0.714885711669922
89,5,"willing",29,0.508122563362122
89,7,"willing",10,0.426631331443787
89,20,"willing",0,-0.783836841583252
89,8,"willing",93,0.266104459762573
90,0,"willing",90,-0.190668284893036
90,19,"willing",70,0.642176866531372
90,18,"willing",45,-0.180724859237671
90,7,"willing",85,0.697143316268921
90,2,"willing",2,-0.798355728387833
90,25,"willing",5,-0.728010952472687
90,13,"willing",9,-0.759730145335197
90,19,"willing",88,0.550889253616333
91,20,"willing",15,0.391091346740723
91,17,"willing",0,0.638033032417297
91,17,"willing",0,0.270068049430847
91,11,"willing",0,0.521633505821228
91,2,"willing",0,-0.709005445241928
91,17,"willing",0,0.165615081787109
91,0,"willing",71,-0.595013201236725
91,1,"willing",0,0.638033032417297
92,15,"willing",15,0.391091346740723
92,8,"willing",20,0.590556859970093
92,8,"willing",14,0.374200105667114
92,8,"willing",22,-0.27810400724411
92,0,"willing",20,-0.27810400724411
92,1,"willing",12,0.573765516281128
92,20,"willing",4,-0.757560282945633
92,8,"willing",19,0.674097537994385
93,20,"willing",38,-0.769540846347809
93,2,"willing",0,0.638033032417297
93,1,"willing",0,-0.739865243434906
93,8,"willing",64,0.635981798171997
93,8,"willing",86,-0.714984923601151
93,2,"willing",0,-0.798667669296265
93,21,"willing",36,-0.757560282945633
93,2,"willing",0,0.29932975769043
94,0,"willing",55,0.695410847663879
94,7,"willing",53,0.391091346740723
94,0,"willing",29,0.433952331542969
94,8,"willing",19,0.460239052772522
94,11,"willing",25,-0.760498642921448
94,0,"willing",44,0.270068049430847
94,8,"willing",45,-0.757560282945633
94,22,"willing",55,0.638033032417297
95,26,"willing",60,0.557807087898254
95,24,"willing",75,0.391091346740723
95,20,"willing",50,0.457461595535278
95,1,"willing",15,-0.771744713187218
95,15,"willing",35,0.335939645767212
95,7,"willing",60,0.391091346740723
95,20,"willing",25,-0.757560282945633
95,26,"willing",70,0.453320980072021
96,26,"willing",75,0.391091346740723
96,7,"willing",0,-0.74870041012764
96,18,"willing",96,0.738454341888428
96,13,"willing",78,0.6376713514328
96,0,"willing",91,0.21867835521698
96,19,"willing",26,0.053829550743103
96,19,"willing",100,-0.757560282945633
96,7,"willing",9,-0.470828771591187
97,7,"willing",60,0.642176866531372
97,23,"willing",80,0.391091346740723
97,16,"willing",20,0.731200695037842
97,7,"willing",10,0.521633505821228
97,13,"willing",30,-0.764950722455978
97,22,"willing",20,0.304384827613831
97,3,"willing",70,-0.768006563186646
97,24,"willing",70,0.695410847663879
98,8,"willing",92,0.569373607635498
98,3,"willing",99,0.759617209434509
98,21,"willing",63,-0.533860832452774
98,13,"willing",91,-0.576511919498444
98,8,"willing",72,0.567638158798218
98,19,"willing",31,-0.771744713187218
98,8,"willing",80,-0.595013201236725
98,8,"willing",60,-0.666727006435394
99,8,"willing",60,0.743591904640198
99,22,"willing",60,0.70619523525238
99,19,"willing",73,0.790867328643799
99,8,"willing",65,0.70619523525238
99,26,"willing",65,0.569373607635498
99,8,"willing",55,0.763096928596497
99,12,"willing",70,0.590556859970093
99,12,"willing",43,0.457461595535278
100,0,"willing",100,0.556731820106506
100,26,"willing",65,0.638033032417297
100,8,"willing",100,0.508263111114502
100,26,"willing",100,0.714885711669922
100,0,"willing",100,-0.760498642921448
100,18,"willing",50,0.391091346740723
100,12,"willing",100,-0.156125068664551
100,0,"willing",100,-0.505137056112289
101,21,"willing",19,0.391091346740723
101,0,"willing",67,0.738454341888428
101,0,"willing",55,0.374200105667114
101,7,"willing",40,0.751473665237427
101,13,"willing",25,0.0578113794326782
101,19,"willing",61,0.731200695037842
101,13,"willing",10,-0.549875050783157
101,0,"willing",62,0.638033032417297
102,8,"willing",80,0.391091346740723
102,0,"willing",58,0.638033032417297
102,17,"willing",25,-0.756154701113701
102,7,"willing",80,0.490541696548462
102,2,"willing",41,0.716869711875916
102,0,"willing",30,0.463706851005554
102,8,"willing",51,0.590556859970093
102,8,"willing",75,0.542463541030884
103,8,"willing",100,0.633119344711304
103,8,"willing",100,0.695410847663879
103,12,"willing",92,-0.465785384178162
103,8,"willing",97,0.590556859970093
103,12,"willing",81,0.21867835521698
103,12,"willing",80,0.731200695037842
103,8,"willing",77,-0.757560282945633
103,8,"willing",91,0.0742924213409424
104,10,"willing",12,0.391091346740723
104,1,"willing",3,-0.710642039775848
104,13,"willing",6,-0.728010952472687
104,24,"willing",9,-0.760498642921448
104,9,"willing",8,0.313535928726196
104,14,"willing",8,0.738454341888428
104,25,"willing",13,0.731200695037842
104,23,"willing",10,0.466552972793579
105,26,"willing",25,-0.0745089650154114
105,0,"willing",61,0.660681486129761
105,18,"willing",75,0.220730304718018
105,12,"willing",60,0.6376713514328
105,8,"willing",65,0.731200695037842
105,12,"willing",65,0.731200695037842
105,8,"willing",90,-0.156125068664551
105,26,"willing",50,0.0589542388916016
106,8,"willing",35,-0.756154701113701
106,26,"willing",60,-0.0745089650154114
106,8,"willing",90,0.457461595535278
106,0,"willing",40,0.521633505821228
106,26,"willing",80,0.731200695037842
106,0,"willing",25,-0.76956869661808
106,20,"willing",30,-0.6385458111763
106,8,"willing",80,0.743591904640198
107,25,"willing",46,0.21867835521698
107,10,"willing",51,0.590816855430603
107,5,"willing",83,-0.376619517803192
107,10,"willing",52,0.21867835521698
107,8,"willing",56,-0.176089704036713
107,14,"willing",63,-0.249290764331818
107,23,"willing",45,0.0742924213409424
107,24,"willing",56,0.731200695037842
108,20,"willing",6,-0.773200288414955
108,23,"willing",35,-0.677802711725235
108,1,"willing",1,-0.460166752338409
108,2,"willing",10,-0.42878383398056
108,23,"willing",51,-0.251940310001373
108,25,"willing",5,-0.70983150601387
108,12,"willing",65,-0.731768220663071
108,2,"willing",20,-0.779227450489998
109,9,"willing",25,-0.574903130531311
109,8,"willing",100,0.695410847663879
109,15,"willing",35,0.678370833396912
109,2,"willing",5,-0.765160396695137
109,2,"willing",0,-0.779227450489998
109,2,"willing",0,-0.756154701113701
109,15,"willing",40,-0.666727006435394
109,8,"willing",100,0.672617316246033
110,20,"willing",29,-0.719035804271698
110,2,"willing",7,-0.665036976337433
110,15,"willing",10,-0.674454778432846
110,7,"willing",33,0.713557720184326
110,2,"willing",8,-0.771744713187218
110,2,"willing",5,0.731200695037842
110,0,"willing",80,0.590556859970093
110,1,"willing",0,-0.669654458761215
111,12,"willing",79,0.576468110084534
111,3,"willing",78,0.391091346740723
111,8,"willing",83,0.374200105667114
111,12,"willing",89,0.700512170791626
111,7,"willing",61,-0.505137056112289
111,7,"willing",89,0.738454341888428
111,12,"willing",86,-0.757560282945633
111,22,"willing",77,0.709429979324341
112,5,"willing",7,-0.77855496108532
112,6,"willing",5,-0.827700018882751
112,12,"willing",8,0.678370833396912
112,21,"willing",0,-0.770503968000412
112,1,"willing",0,-0.7577785551548
112,24,"willing",2,-0.737428963184357
112,6,"willing",0,-0.690592527389526
112,0,"willing",8,0.736944437026978
113,26,"willing",70,0.391091346740723
113,8,"willing",95,0.67033326625824
113,8,"willing",80,0.0217002630233765
113,25,"willing",45,0.521633505821228
113,7,"willing",70,0.716869711875916
113,7,"willing",70,0.0690457820892334
113,8,"willing",85,-0.156125068664551
113,8,"willing",65,0.590816855430603
114,12,"willing",75,0.391091346740723
114,7,"willing",75,0.391091346740723
114,8,"willing",0,0.599528908729553
114,15,"willing",0,0.313746333122253
114,8,"willing",50,-0.739816278219223
114,8,"willing",80,0.374200105667114
114,8,"willing",100,-0.188717424869537
114,8,"willing",100,0.466552972793579
115,8,"willing",79,-0.765659347176552
115,13,"willing",59,0.391091346740723
115,7,"willing",32,0.785984754562378
115,0,"willing",85,0.534272074699402
115,26,"willing",51,-0.42878383398056
115,26,"willing",43,0.270068049430847
115,26,"willing",61,-0.188717424869537
115,26,"willing",45,0.0630613565444946
116,2,"willing",1,-0.42878383398056
116,2,"willing",12,-0.566704481840134
116,1,"willing",10,-0.219715476036072
116,3,"willing",22,0.419940948486328
116,0,"willing",38,-0.765659347176552
116,1,"willing",1,-0.33955180644989
116,7,"willing",35,-0.60324227809906
116,26,"willing",29,-0.167389512062073
117,2,"willing",14,-0.771744713187218
117,2,"willing",36,-0.771744713187218
117,18,"willing",98,0.457461595535278
117,12,"willing",99,0.695410847663879
117,7,"willing",66,-0.779227450489998
117,12,"willing",96,0.110288023948669
117,13,"willing",100,-0.747337371110916
117,19,"willing",95,0.763096928596497
118,0,"willing",71,-0.156125068664551
118,8,"willing",73,0.743591904640198
118,8,"willing",26,0.678370833396912
118,8,"willing",69,0.710372924804688
118,2,"willing",9,-0.771744713187218
118,17,"willing",6,-0.756154701113701
118,13,"willing",58,-0.595013201236725
118,5,"willing",42,0.571426868438721
119,13,"willing",95,0.743591904640198
119,12,"willing",100,0.695410847663879
119,8,"willing",75,0.374200105667114
119,23,"willing",90,0.616814732551575
119,7,"willing",60,0.731200695037842
119,8,"willing",81,0.508263111114502
119,12,"willing",86,-0.757560282945633
119,8,"willing",100,0.693966627120972
120,1,"willing",5,-0.0132544636726379
120,19,"willing",33,0.708293914794922
120,21,"willing",29,0.743591904640198
120,23,"willing",81,0.759617209434509
120,13,"willing",11,0.0578113794326782
120,9,"willing",2,-0.771744713187218
120,12,"willing",23,-0.757560282945633
120,23,"willing",33,0.590816855430603
121,8,"willing",70,0.391091346740723
121,8,"willing",100,0.695410847663879
121,0,"willing",100,0.581419825553894
121,12,"willing",19,-0.771744713187218
121,12,"willing",84,-0.569934815168381
121,12,"willing",40,-0.764777109026909
121,12,"willing",91,-0.36501157283783
121,8,"willing",61,-0.598339378833771
122,8,"willing",91,0.6376713514328
122,26,"willing",40,0.391091346740723
122,4,"willing",70,0.697143316268921
122,7,"willing",19,0.751904606819153
122,2,"willing",8,-0.505137056112289
122,6,"willing",9,-0.789566174149513
122,13,"willing",90,-0.595013201236725
122,18,"willing",100,0.466552972793579
123,25,"willing",70,0.590556859970093
123,15,"willing",15,-0.0745089650154114
123,15,"willing",2,-0.714617490768433
123,15,"willing",5,-0.781074330210686
123,8,"willing",60,0.21867835521698
123,23,"willing",10,-0.756154701113701
123,8,"willing",80,-0.757560282945633
123,14,"willing",4,-0.773121148347855
124,2,"willing",10,-0.771744713187218
124,7,"willing",70,0.391091346740723
124,22,"willing",100,0.220730304718018
124,8,"willing",90,0.765826821327209
124,12,"willing",70,0.697392702102661
124,4,"willing",65,0.453320980072021
124,20,"willing",10,-0.757560282945633
124,19,"willing",90,0.0589542388916016
125,25,"willing",60,-0.771744713187218
125,1,"willing",20,-0.674454778432846
125,0,"willing",90,0.220730304718018
125,12,"willing",80,0.742148160934448
125,7,"willing",75,-0.156125068664551
125,0,"willing",90,-0.369411110877991
125,24,"willing",65,0.571426868438721
125,21,"willing",35,-0.779227450489998
126,13,"willing",10,0.695410847663879
126,16,"willing",100,0.695410847663879
126,9,"willing",65,0.738454341888428
126,13,"willing",10,0.738454341888428
126,7,"willing",20,-0.709005445241928
126,17,"willing",10,-0.574903130531311
126,20,"willing",0,-0.709005445241928
126,19,"willing",20,0.627710700035095
127,8,"willing",80,0.21867835521698
127,8,"willing",81,0.695410847663879
127,2,"willing",0,-0.739865243434906
127,13,"willing",53,-0.771744713187218
127,2,"willing",0,0.238385558128357
127,2,"willing",9,-0.807989463210106
127,8,"willing",71,-0.156125068664551
127,0,"willing",100,0.571426868438721
128,2,"willing",21,-0.703788310289383
128,23,"willing",100,0.695410847663879
128,12,"willing",63,0.678370833396912
128,23,"willing",93,0.742148160934448
128,8,"willing",94,-0.768006563186646
128,6,"willing",17,-0.771744713187218
128,5,"willing",54,-0.757560282945633
128,22,"willing",70,-0.372870028018951
129,8,"willing",90,0.743591904640198
129,12,"willing",70,0.562149405479431
129,2,"willing",20,-0.739865243434906
129,24,"willing",70,0.714885711669922
129,2,"willing",15,-0.505137056112289
129,8,"willing",75,0.304384827613831
129,8,"willing",80,0.21867835521698
129,1,"willing",30,-0.680414855480194
130,7,"willing",40,-0.470828771591187
130,23,"willing",60,0.743591904640198
130,21,"willing",85,0.374200105667114
130,10,"willing",70,0.476712942123413
130,2,"willing",25,-0.470828771591187
130,11,"willing",5,-0.756154701113701
130,13,"willing",70,-0.591646939516068
130,13,"willing",90,0.0480363368988037
131,8,"willing",81,0.557807087898254
131,8,"willing",75,0.738454341888428
131,16,"willing",9,0.165615081787109
131,13,"willing",15,-0.240374445915222
131,22,"willing",70,-0.34884637594223
131,8,"willing",77,0.0217002630233765
131,8,"willing",70,0.21867835521698
131,16,"willing",61,-0.193140745162964
132,20,"willing",0,-0.703035563230515
132,8,"willing",21,0.720000624656677
132,2,"willing",0,0.169663071632385
132,21,"willing",0,-0.317578494548798
132,2,"willing",0,-0.771744713187218
132,2,"willing",0,-0.661104321479797
132,20,"willing",0,-0.445094525814056
132,12,"willing",100,0.672617316246033
133,8,"willing",100,0.697143316268921
133,24,"willing",100,0.759617209434509
133,18,"willing",100,0.374200105667114
133,5,"willing",0,0.419940948486328
133,2,"willing",0,-0.771744713187218
133,8,"willing",100,0.304384827613831
133,12,"willing",100,-0.156125068664551
133,8,"willing",100,0.743591904640198
134,16,"willing",55,-0.444656133651733
134,4,"willing",65,0.0105235576629639
134,23,"willing",65,-0.278412461280823
134,16,"willing",31,-0.0840896964073181
134,17,"willing",1,-0.771744713187218
134,26,"willing",85,0.435176491737366
134,13,"willing",30,-0.711745262145996
134,19,"willing",60,0.195933938026428
135,2,"willing",21,-0.305513978004456
135,21,"willing",25,-0.167389512062073
135,13,"willing",16,-0.773037195205688
135,12,"willing",39,0.695410847663879
135,10,"willing",25,-0.768604531884193
135,7,"willing",10,-0.728010952472687
135,22,"willing",67,-0.757560282945633
135,0,"willing",61,0.674097537994385
136,8,"willing",63,0.391091346740723
136,16,"willing",81,0.147838950157166
136,6,"willing",8,-0.535250902175903
136,15,"willing",17,0.635981798171997
136,0,"willing",60,-0.765911981463432
136,21,"willing",47,-0.00736469030380249
136,12,"willing",79,-0.789647683501244
136,8,"willing",61,-0.491271317005157
137,19,"willing",100,0.695410847663879
137,21,"willing",0,0.48602294921875
137,15,"willing",78,0.374200105667114
137,21,"willing",47,0.731200695037842
137,21,"willing",5,-0.470828771591187
137,6,"willing",0,-0.771744713187218
137,20,"willing",100,0.590556859970093
137,19,"willing",100,0.78659188747406
138,14,"willing",8,-0.484053313732147
138,2,"willing",33,0.198286771774292
138,2,"willing",19,-0.739865243434906
138,12,"willing",72,0.615759372711182
138,9,"willing",42,-0.771744713187218
138,2,"willing",44,0.374200105667114
138,8,"willing",96,-0.591646939516068
138,2,"willing",5,-0.697356998920441
139,19,"willing",100,-0.112066864967346
139,18,"willing",100,0.638033032417297
139,10,"willing",68,-0.569750815629959
139,26,"willing",100,-0.0313774943351746
139,0,"willing",100,-0.156125068664551
139,18,"willing",100,0.053829550743103
139,20,"willing",52,-0.711745262145996
139,20,"willing",80,-0.193140745162964
140,3,"willing",5,0.391091346740723
140,8,"willing",65,0.638033032417297
140,21,"willing",0,-0.788779139518738
140,12,"willing",0,0.731200695037842
140,12,"willing",5,-0.156125068664551
140,0,"willing",0,-0.728010952472687
140,7,"willing",0,-0.757560282945633
140,0,"willing",52,0.731200695037842
141,11,"willing",0,-0.771744713187218
141,11,"willing",0,-0.521409273147583
141,15,"willing",20,-0.0930331349372864
141,9,"willing",15,0.635981798171997
141,2,"willing",0,-0.792643219232559
141,21,"willing",0,0.0690457820892334
141,0,"willing",100,-0.757560282945633
141,11,"willing",0,-0.771744713187218
142,2,"willing",0,0.391091346740723
142,13,"willing",8,0.638033032417297
142,12,"willing",8,0.414975047111511
142,23,"willing",0,0.635981798171997
142,26,"willing",0,-0.105449199676514
142,13,"willing",0,0.0690457820892334
142,13,"willing",5,-0.549875050783157
142,22,"willing",5,0.29932975769043
143,25,"willing",5,0.695410847663879
143,3,"willing",100,0.537293791770935
143,10,"willing",86,0.660681486129761
143,3,"willing",100,0.654441595077515
143,20,"willing",0,-0.760498642921448
143,15,"willing",0,0.440481781959534
143,13,"willing",100,-0.156125068664551
143,14,"willing",10,0.67033326625824
144,1,"willing",0,-0.771744713187218
144,7,"willing",34,0.391091346740723
144,13,"willing",29,-0.278412461280823
144,15,"willing",35,-0.494307994842529
144,10,"willing",51,-0.792225018143654
144,17,"willing",0,-0.802049145102501
144,12,"willing",70,0.363780379295349
144,1,"willing",17,-0.193140745162964
145,17,"willing",0,-0.703788310289383
145,11,"willing",0,-0.817414432764053
145,11,"willing",0,-0.739865243434906
145,11,"willing",0,-0.096336305141449
145,10,"willing",4,-0.779154896736145
145,11,"willing",0,-0.632222086191177
145,17,"willing",0,-0.728010952472687
145,17,"willing",0,-0.779227450489998
146,25,"willing",98,0.243342995643616
146,26,"willing",80,0.638033032417297
146,2,"willing",10,-0.271272003650665
146,20,"willing",0,0.476712942123413
146,2,"willing",0,-0.771744713187218
146,3,"willing",60,-0.399952232837677
146,0,"willing",97,-0.549875050783157
146,6,"willing",20,-0.666727006435394
147,20,"willing",10,-0.784131273627281
147,5,"willing",10,-0.784131273627281
147,13,"willing",3,-0.771744713187218
147,8,"willing",80,0.710372924804688
147,5,"willing",92,0.639849781990051
147,25,"willing",10,-0.728010952472687
147,20,"willing",12,-0.757560282945633
147,0,"willing",80,0.753876805305481
148,15,"willing",10,-0.771744713187218
148,18,"willing",90,0.700512170791626
148,4,"willing",20,0.374200105667114
148,0,"willing",90,0.742148160934448
148,2,"willing",0,-0.122550547122955
148,0,"willing",90,0.738454341888428
148,16,"willing",100,-0.156125068664551
148,22,"willing",60,0.78659188747406
149,13,"willing",100,-0.549875050783157
149,23,"willing",100,0.391091346740723
149,9,"willing",88,0.678370833396912
149,18,"willing",100,0.569373607635498
149,4,"willing",90,0.464962840080261
149,4,"willing",100,0.21867835521698
149,16,"willing",61,-0.36501157283783
149,22,"willing",62,-0.188717424869537
150,11,"willing",0,-0.779227450489998
150,17,"willing",0,-0.795571208000183
150,17,"willing",0,-0.739865243434906
150,23,"willing",0,0.504899859428406
150,22,"willing",13,0.731200695037842
150,14,"willing",0,-0.773200288414955
150,3,"willing",4,0.590556859970093
150,17,"willing",0,-0.771744713187218
151,12,"willing",12,0.391091346740723
151,3,"willing",82,0.21867835521698
151,9,"willing",25,0.508263111114502
151,12,"willing",15,-0.362187266349792
151,12,"willing",32,-0.757172673940659
151,9,"willing",82,0.374200105667114
151,0,"willing",63,-0.709005445241928
151,12,"willing",37,0.78659188747406
152,14,"willing",57,0.391091346740723
152,0,"willing",95,0.590816855430603
152,18,"willing",100,0.270068049430847
152,26,"willing",39,0.714885711669922
152,1,"willing",0,-0.690592527389526
152,26,"willing",90,0.374200105667114
152,25,"willing",51,-0.764777109026909
152,17,"willing",7,0.0401246547698975
153,12,"willing",0,0.391091346740723
153,16,"willing",0,-0.703788310289383
153,11,"willing",0,-0.726589232683182
153,8,"willing",0,0.731200695037842
153,11,"willing",0,-0.771744713187218
153,4,"willing",9,0.647480130195618
153,11,"willing",0,-0.764777109026909
153,11,"willing",0,-0.505137056112289
154,12,"willing",80,0.391091346740723
154,18,"willing",90,0.660681486129761
154,0,"willing",75,0.75802755355835
154,12,"willing",80,0.521633505821228
154,8,"willing",30,0.402666091918945
154,0,"willing",73,0.053829550743103
154,22,"willing",70,0.571426868438721
154,12,"willing",100,0.724982976913452
155,22,"willing",55,-0.188717424869537
155,13,"willing",49,-0.692854017019272
155,24,"willing",47,0.642176866531372
155,23,"willing",51,0.742148160934448
155,13,"willing",60,-0.661460995674133
155,16,"willing",60,0.345117449760437
155,3,"willing",72,-0.156125068664551
155,7,"willing",49,-0.0209064483642578
156,0,"willing",39,-0.771744713187218
156,21,"willing",8,-0.521409273147583
156,8,"willing",70,-0.552331179380417
156,8,"willing",92,0.78659188747406
156,20,"willing",28,-0.726138889789581
156,2,"willing",24,-0.771744713187218
156,13,"willing",81,0.731200695037842
156,5,"willing",38,0.179336547851562
157,25,"willing",15,0.391091346740723
157,0,"willing",30,0.0589542388916016
157,3,"willing",65,0.508263111114502
157,4,"willing",100,0.571426868438721
157,12,"willing",100,0.742148160934448
157,19,"willing",55,0.304384827613831
157,0,"willing",100,0.590556859970093
157,19,"willing",50,0.642565488815308
158,20,"willing",33,-0.505137056112289
158,17,"willing",5,-0.761645391583443
158,18,"willing",75,0.75802755355835
158,18,"willing",90,0.716869711875916
158,9,"willing",100,0.759862065315247
158,2,"willing",0,-0.576001197099686
158,20,"willing",5,-0.757560282945633
158,19,"willing",75,0.724900603294373
159,20,"willing",32,-0.771744713187218
159,8,"willing",70,0.569373607635498
159,0,"willing",81,0.678370833396912
159,15,"willing",39,0.48602294921875
159,8,"willing",72,0.731200695037842
159,0,"willing",100,0.759617209434509
159,8,"willing",40,-0.680414855480194
159,8,"willing",60,-0.764777109026909
160,0,"willing",73,0.571426868438721
160,20,"willing",0,-0.778576478362083
160,26,"willing",70,0.374200105667114
160,0,"willing",75,0.731200695037842
160,26,"willing",95,-0.771348029375076
160,19,"willing",90,0.220730304718018
160,7,"willing",75,-0.709005445241928
160,23,"willing",50,0.550889253616333
161,1,"willing",0,-0.771744713187218
161,1,"willing",0,-0.784131273627281
161,22,"willing",86,0.374200105667114
161,1,"willing",0,-0.785316154360771
161,4,"willing",46,0.731200695037842
161,17,"willing",0,-0.798667669296265
161,20,"willing",0,-0.595013201236725
161,22,"willing",5,-0.505137056112289
162,26,"willing",100,-0.156125068664551
162,0,"willing",100,0.708225727081299
162,19,"willing",100,0.646706104278564
162,23,"willing",100,-0.494307994842529
162,21,"willing",100,-0.833543032407761
162,9,"willing",100,0.0690457820892334
162,5,"willing",100,-0.757560282945633
162,22,"willing",100,0.453320980072021
163,8,"willing",98,0.77502977848053
163,17,"willing",10,0.753806471824646
163,17,"willing",4,0.599528908729553
163,17,"willing",9,-0.788402155041695
163,8,"willing",79,0.731200695037842
163,1,"willing",20,0.599528908729553
163,24,"willing",8,-0.788402155041695
163,10,"willing",80,0.599528908729553
164,2,"willing",0,-0.784131273627281
164,6,"willing",0,-0.771744713187218
164,25,"willing",0,0.453320980072021
164,12,"willing",7,0.742148160934448
164,23,"willing",10,-0.505137056112289
164,13,"willing",0,0.374200105667114
164,16,"willing",15,0.21867835521698
164,20,"willing",0,-0.666727006435394
165,8,"willing",91,-0.156125068664551
165,21,"willing",74,0.638033032417297
165,16,"willing",55,-0.734119713306427
165,7,"willing",85,-0.790761336684227
165,24,"willing",60,-0.796282038092613
165,4,"willing",61,-0.728010952472687
165,23,"willing",65,-0.757560282945633
165,26,"willing",92,0.652366042137146
166,19,"willing",43,0.391091346740723
166,24,"willing",41,0.642176866531372
166,6,"willing",33,-0.771744713187218
166,13,"willing",35,0.753806471824646
166,12,"willing",44,0.402666091918945
166,20,"willing",18,-0.759581834077835
166,26,"willing",63,-0.156125068664551
166,8,"willing",80,0.714885711669922
167,19,"willing",51,-0.444656133651733
167,5,"willing",0,0.638033032417297
167,12,"willing",72,0.345117449760437
167,22,"willing",94,0.635981798171997
167,0,"willing",100,0.508122563362122
167,6,"willing",0,0.0690457820892334
167,0,"willing",100,0.731200695037842
167,12,"willing",51,0.266104459762573
168,12,"willing",66,0.695410847663879
168,13,"willing",40,-0.664098620414734
168,7,"willing",45,-0.14861673116684
168,1,"willing",3,-0.771744713187218
168,3,"willing",54,-0.790761336684227
168,24,"willing",28,-0.778576478362083
168,25,"willing",26,-0.680414855480194
168,26,"willing",72,-0.651590406894684
169,24,"willing",0,-0.13082617521286
169,26,"willing",91,0.580008625984192
169,20,"willing",4,0.457461595535278
169,12,"willing",27,-0.765659347176552
169,7,"willing",6,-0.765659347176552
169,14,"willing",8,-0.781182378530502
169,20,"willing",31,0.731200695037842
169,24,"willing",53,0.743591904640198
170,8,"willing",50,0.391091346740723
170,8,"willing",20,0.660681486129761
170,12,"willing",5,0.646706104278564
170,1,"willing",0,-0.81609944999218
170,1,"willing",5,-0.795571208000183
170,12,"willing",10,-0.424350440502167
170,13,"willing",70,-0.757560282945633
170,1,"willing",0,-0.771744713187218
171,25,"willing",94,0.590556859970093
171,5,"willing",85,0.738454341888428
171,10,"willing",57,0.345117449760437
171,10,"willing",85,0.697143316268921
171,0,"willing",50,0.731200695037842
171,25,"willing",95,0.391091346740723
171,25,"willing",70,-0.156125068664551
171,19,"willing",75,0.599528908729553
172,10,"willing",46,0.660681486129761
172,21,"willing",5,-0.737778931856155
172,25,"willing",71,0.738454341888428
172,23,"willing",90,0.693966627120972
172,13,"willing",80,0.227182388305664
172,20,"willing",8,-0.80991804599762
172,16,"willing",60,-0.595013201236725
172,16,"willing",20,0.0760346651077271
173,16,"willing",68,0.695410847663879
173,7,"willing",100,0.759617209434509
173,22,"willing",77,0.374200105667114
173,23,"willing",69,0.571426868438721
173,7,"willing",43,0.731200695037842
173,20,"willing",45,0.738454341888428
173,13,"willing",81,-0.591646939516068
173,9,"willing",55,0.78659188747406
174,12,"willing",61,0.0695079565048218
174,12,"willing",87,0.638033032417297
174,15,"willing",51,-0.728010952472687
174,15,"willing",34,0.521633505821228
174,1,"willing",16,-0.771744713187218
174,13,"willing",53,0.0690457820892334
174,8,"willing",85,-0.156125068664551
174,8,"willing",95,0.670098781585693
175,12,"willing",86,0.391091346740723
175,8,"willing",93,0.0105235576629639
175,8,"willing",77,0.444761276245117
175,23,"willing",32,-0.771744713187218
175,13,"willing",55,-0.765659347176552
175,26,"willing",81,0.0690457820892334
175,25,"willing",54,-0.765659347176552
175,0,"willing",85,0.647480130195618
176,8,"willing",90,0.571426868438721
176,8,"willing",85,0.391091346740723
176,0,"willing",85,0.75802755355835
176,1,"willing",20,-0.131410777568817
176,12,"willing",75,0.313535928726196
176,13,"willing",65,-0.574903130531311
176,21,"willing",10,-0.76291199028492
176,0,"willing",70,0.638033032417297
177,16,"willing",35,0.423606395721436
177,26,"willing",48,0.391091346740723
177,5,"willing",29,-0.674454778432846
177,8,"willing",100,-0.494307994842529
177,13,"willing",77,0.759862065315247
177,5,"willing",40,-0.598286598920822
177,8,"willing",86,-0.188717424869537
177,0,"willing",100,0.466552972793579
178,26,"willing",69,0.391091346740723
178,26,"willing",100,0.724982976913452
178,1,"willing",0,-0.771744713187218
178,12,"willing",98,0.742148160934448
178,2,"willing",10,-0.771744713187218
178,18,"willing",100,0.053829550743103
178,12,"willing",100,-0.156125068664551
178,13,"willing",64,0.638033032417297
179,26,"willing",97,0.391091346740723
179,12,"willing",65,0.439103603363037
179,12,"willing",5,-0.739865243434906
179,26,"willing",15,-0.710176676511765
179,12,"willing",52,0.504899859428406
179,0,"willing",80,-0.369411110877991
179,12,"willing",75,-0.156125068664551
179,12,"willing",40,-0.722106844186783
180,26,"willing",30,0.649226784706116
180,8,"willing",60,0.695410847663879
180,13,"willing",25,-0.802792817354202
180,26,"willing",40,0.742148160934448
180,12,"willing",70,-0.76291199028492
180,26,"willing",41,0.374200105667114
180,19,"willing",56,-0.709005445241928
180,8,"willing",55,-0.184568881988525
181,19,"willing",70,0.695410847663879
181,0,"willing",61,0.571426868438721
181,20,"willing",51,0.678370833396912
181,8,"willing",66,0.695410847663879
181,0,"willing",100,0.313535928726196
181,18,"willing",46,-0.58281946182251
181,8,"willing",85,-0.757560282945633
181,8,"willing",52,0.405173659324646
182,5,"willing",0,-0.768433541059494
182,15,"willing",51,-0.167389512062073
182,17,"willing",0,-0.771744713187218
182,23,"willing",30,0.521633505821228
182,17,"willing",0,-0.778576478362083
182,1,"willing",0,0.467449903488159
182,0,"willing",100,-0.419898331165314
182,26,"willing",100,0.700961112976074
183,25,"willing",80,0.642176866531372
183,5,"willing",0,0.391091346740723
183,13,"willing",0,-0.760498642921448
183,23,"willing",60,0.521633505821228
183,4,"willing",14,0.731200695037842
183,17,"willing",8,-0.728010952472687
183,16,"willing",0,-0.757560282945633
183,22,"willing",50,0.731200695037842
184,24,"willing",1,-0.805756703019142
184,23,"willing",5,-0.167389512062073
184,6,"willing",12,0.678370833396912
184,3,"willing",75,0.742148160934448
184,4,"willing",12,0.571426868438721
184,25,"willing",6,0.546449065208435
184,7,"willing",1,-0.180380582809448
184,22,"willing",100,0.78659188747406
185,19,"willing",86,0.70619523525238
185,9,"willing",77,0.695410847663879
185,18,"willing",81,0.743591904640198
185,19,"willing",81,0.70619523525238
185,18,"willing",86,0.731200695037842
185,26,"willing",82,0.569373607635498
185,19,"willing",73,0.790867328643799
185,18,"willing",100,0.763096928596497
186,12,"willing",85,0.674097537994385
186,20,"willing",25,0.642176866531372
186,17,"willing",5,-0.317578494548798
186,3,"willing",90,0.560789585113525
186,0,"willing",92,0.508122563362122
186,12,"willing",75,0.457461595535278
186,20,"willing",0,-0.750480443239212
186,0,"willing",95,0.466552972793579
187,26,"willing",62,0.674097537994385
187,17,"willing",0,-0.661104321479797
187,25,"willing",38,0.738454341888428
187,4,"willing",40,0.731200695037842
187,4,"willing",60,0.199566960334778
187,20,"willing",0,-0.798667669296265
187,22,"willing",29,0.21867835521698
187,17,"willing",0,-0.771744713187218
188,20,"willing",71,-0.505137056112289
188,2,"willing",8,0.638033032417297
188,15,"willing",70,0.391091346740723
188,23,"willing",69,0.731200695037842
188,17,"willing",11,-0.771744713187218
188,17,"willing",4,-0.574852555990219
188,13,"willing",35,-0.431646764278412
188,22,"willing",63,-0.530057966709137
189,8,"willing",74,0.695410847663879
189,8,"willing",74,0.172764897346497
189,19,"willing",70,0.374200105667114
189,4,"willing",60,0.476712942123413
189,12,"willing",60,-0.505137056112289
189,4,"willing",41,-0.728010952472687
189,8,"willing",92,-0.156125068664551
189,8,"willing",90,0.0589542388916016
190,17,"willing",60,0.614398241043091
190,12,"willing",35,-0.739944636821747
190,9,"willing",65,0.695410847663879
190,25,"willing",65,0.775673627853394
190,4,"willing",80,0.742148160934448
190,17,"willing",35,-0.771744713187218
190,15,"willing",60,-0.757560282945633
190,5,"willing",70,0.718081712722778
191,9,"willing",60,-0.505137056112289
191,3,"willing",90,0.590816855430603
191,10,"willing",100,0.678370833396912
191,23,"willing",100,0.695410847663879
191,12,"willing",100,-0.76291199028492
191,19,"willing",100,0.374200105667114
191,8,"willing",100,-0.757560282945633
191,16,"willing",100,-0.760498642921448
192,10,"willing",81,-0.515980362892151
192,4,"willing",71,-0.497076690196991
192,7,"willing",0,-0.739865243434906
192,7,"willing",55,0.521633505821228
192,1,"willing",8,-0.431646764278412
192,4,"willing",60,0.571426868438721
192,13,"willing",55,-0.680414855480194
192,20,"willing",75,-0.771744713187218
193,7,"willing",75,-0.496607899665833
193,8,"willing",86,0.330838203430176
193,8,"willing",72,-0.650120198726654
193,17,"willing",0,-0.749259471893311
193,17,"willing",0,-0.559883236885071
193,8,"willing",100,0.707043170928955
193,2,"willing",0,0.36022675037384
193,13,"willing",81,0.542463541030884
194,26,"willing",81,0.557807087898254
194,0,"willing",91,0.695410847663879
194,9,"willing",66,-0.369411110877991
194,1,"willing",30,-0.771744713187218
194,15,"willing",26,-0.76291199028492
194,13,"willing",38,-0.728010952472687
194,13,"willing",92,0.21867835521698
194,22,"willing",80,0.730158567428589
195,14,"willing",58,-0.770944848656654
195,25,"willing",24,-0.317578494548798
195,8,"willing",72,-0.372870028018951
195,8,"willing",53,0.6376713514328
195,4,"willing",30,-0.64439383149147
195,8,"willing",60,-0.372870028018951
195,5,"willing",56,-0.595013201236725
195,26,"willing",68,0.142310261726379
196,20,"willing",0,-0.317578494548798
196,9,"willing",0,0.731200695037842
196,21,"willing",0,-0.372870028018951
196,24,"willing",0,-0.659530490636826
196,21,"willing",0,-0.757560282945633
196,25,"willing",0,0.75802755355835
196,20,"willing",0,-0.680414855480194
196,4,"willing",0,-0.595013201236725
197,26,"willing",90,-0.156125068664551
197,3,"willing",100,0.391091346740723
197,18,"willing",100,0.220730304718018
197,12,"willing",61,0.75802755355835
197,7,"willing",92,0.21867835521698
197,0,"willing",97,0.345117449760437
197,15,"willing",5,-0.757560282945633
197,19,"willing",99,0.709429979324341
198,2,"willing",9,-0.0727840662002563
198,23,"willing",50,-0.769540846347809
198,2,"willing",7,-0.739865243434906
198,1,"willing",11,-0.503819972276688
198,20,"willing",9,-0.724856704473495
198,8,"willing",98,0.695410847663879
198,20,"willing",25,-0.76291199028492
198,26,"willing",84,0.345117449760437
199,0,"willing",40,0.619345784187317
199,12,"willing",25,0.391091346740723
199,0,"willing",10,0.557807087898254
199,18,"willing",80,0.724982976913452
199,19,"willing",50,0.504899859428406
199,19,"willing",5,-0.728010952472687
199,19,"willing",35,-0.156125068664551
199,10,"willing",50,0.731200695037842
200,2,"willing",19,0.391091346740723
200,26,"willing",100,0.590816855430603
200,13,"willing",85,-0.369411110877991
200,12,"willing",100,0.742148160934448
200,13,"willing",30,-0.760498642921448
200,26,"willing",50,-0.728010952472687
200,0,"willing",95,-0.156125068664551
200,4,"willing",30,0.660681486129761
201,8,"willing",85,0.446728229522705
201,21,"willing",34,0.0105235576629639
201,13,"willing",71,-0.535250902175903
201,13,"willing",6,-0.494307994842529
201,23,"willing",0,-0.790915548801422
201,5,"willing",3,-0.339060425758362
201,1,"willing",0,-0.11665815114975
201,11,"willing",0,0.195933938026428
202,8,"willing",60,-0.305513978004456
202,21,"willing",0,-0.756154701113701
202,12,"willing",55,0.678370833396912
202,0,"willing",60,0.731200695037842
202,1,"willing",0,-0.771744713187218
202,1,"willing",0,-0.798667669296265
202,21,"willing",0,-0.763374552130699
202,0,"willing",55,0.266104459762573
203,26,"willing",0,0.557807087898254
203,1,"willing",0,0.731200695037842
203,18,"willing",7,0.614398241043091
203,20,"willing",6,-0.362187266349792
203,18,"willing",10,0.663367033004761
203,15,"willing",4,0.391091346740723
203,21,"willing",0,-0.74647843837738
203,26,"willing",10,0.700512170791626
204,12,"willing",78,0.391091346740723
204,9,"willing",18,-0.591027766466141
204,19,"willing",50,-0.792665988206863
204,13,"willing",84,-0.494307994842529
204,1,"willing",0,-0.771744713187218
204,25,"willing",27,0.391091346740723
204,24,"willing",30,0.21867835521698
204,0,"willing",100,0.195933938026428
205,8,"willing",70,0.391091346740723
205,7,"willing",70,0.466552972793579
205,20,"willing",20,0.660681486129761
205,23,"willing",30,0.75802755355835
205,17,"willing",20,-0.470828771591187
205,22,"willing",50,0.270068049430847
205,11,"willing",10,-0.595013201236725
205,7,"willing",40,0.743591904640198
206,22,"willing",100,0.763096928596497
206,3,"willing",100,0.391091346740723
206,10,"willing",100,0.743591904640198
206,3,"willing",100,0.283527612686157
206,26,"willing",80,-0.156125068664551
206,10,"willing",100,0.053829550743103
206,3,"willing",80,0.53010368347168
206,3,"willing",100,0.318830370903015
207,0,"willing",81,-0.28175950050354
207,18,"willing",99,-0.785698473453522
207,6,"willing",68,-0.265633225440979
207,26,"willing",86,0.201978445053101
207,15,"willing",7,-0.745736956596375
207,9,"willing",60,0.053829550743103
207,0,"willing",81,-0.36501157283783
207,19,"willing",81,-0.193140745162964
208,19,"willing",100,0.743591904640198
208,12,"willing",80,0.391091346740723
208,24,"willing",39,0.678370833396912
208,6,"willing",11,-0.771744713187218
208,1,"willing",0,-0.791851699352264
208,24,"willing",70,0.743591904640198
208,6,"willing",10,-0.680414855480194
208,8,"willing",71,0.695410847663879
209,10,"willing",87,0.21867835521698
209,25,"willing",90,-0.529926717281342
209,25,"willing",83,0.36022675037384
209,25,"willing",89,0.743591904640198
209,9,"willing",84,0.790867328643799
209,5,"willing",94,0.635495662689209
209,4,"willing",78,0.759617209434509
209,16,"willing",96,0.433952331542969
210,1,"willing",0,0.391091346740723
210,10,"willing",0,-0.680414855480194
210,18,"willing",0,0.374200105667114
210,8,"willing",0,0.731200695037842
210,0,"willing",0,0.731200695037842
210,20,"willing",0,-0.33955180644989
210,20,"willing",0,-0.747337371110916
210,12,"willing",0,0.638033032417297
211,8,"willing",94,0.391091346740723
211,0,"willing",100,0.759617209434509
211,8,"willing",100,0.220730304718018
211,7,"willing",100,0.724982976913452
211,17,"willing",31,-0.533860832452774
211,7,"willing",100,0.374200105667114
211,8,"willing",100,0.590556859970093
211,4,"willing",43,0.635495662689209
212,16,"willing",10,0.391091346740723
212,15,"willing",1,-0.489830911159515
212,22,"willing",9,-0.489830911159515
212,8,"willing",40,0.569373607635498
212,0,"willing",30,0.730987906455994
212,20,"willing",19,0.138479351997375
212,16,"willing",20,-0.63960787653923
212,1,"willing",0,-0.6385458111763
213,16,"willing",0,-0.771744713187218
213,13,"willing",0,-0.422345101833344
213,12,"willing",4,0.374200105667114
213,12,"willing",4,0.70619523525238
213,21,"willing",9,-0.311879754066467
213,20,"willing",0,-0.816255614161491
213,0,"willing",9,-0.757172673940659
213,18,"willing",19,0.693966627120972
214,8,"willing",100,0.708225727081299
214,3,"willing",100,0.638033032417297
214,25,"willing",100,0.678370833396912
214,23,"willing",100,0.201978445053101
214,23,"willing",81,0.567638158798218
214,19,"willing",100,0.6376713514328
214,3,"willing",75,0.295878052711487
214,19,"willing",80,0.466552972793579
215,10,"willing",0,0.590556859970093
215,15,"willing",60,0.590816855430603
215,13,"willing",0,-0.535250902175903
215,12,"willing",0,0.635981798171997
215,7,"willing",0,0.173561215400696
215,20,"willing",60,0.391091346740723
215,7,"willing",0,-0.761645391583443
215,22,"willing",70,0.642176866531372
216,9,"willing",22,-0.802049145102501
216,7,"willing",71,-0.604681938886642
216,21,"willing",0,-0.76956869661808
216,12,"willing",55,-0.750769332051277
216,21,"willing",0,-0.791851699352264
216,2,"willing",40,-0.70983150601387
216,7,"willing",85,-0.714992552995682
216,0,"willing",75,0.635981798171997
